Brick;Brick.EqualityContract;Brick.Date;Brick.Type;Brick.Open;Brick.High;Brick.Low;Brick.Close;Brick.TicksCount;Brick.Volume
"Brick { Date = 10/06/2024 09:00:58, Type = Up, Open = 120695, High = 120745, Low = 120690, Close = 120745, TicksCount = 2362, Volume = 12796 }";Application.Range.Brick;"10/06/2024 09:00:58";Up;120695;120745;120690;120745;2362;12796
"Brick { Date = 10/06/2024 12:49:34, Type = Down, Open = 121145, High = 121160, Low = 121095, Close = 121095, TicksCount = 9727, Volume = 36772 }";Application.Range.Brick;"10/06/2024 12:49:34";Down;121145;121160;121095;121095;9727;36772
"Brick { Date = 10/06/2024 12:45:02, Type = Up, Open = 121095, High = 121145, Low = 121070, Close = 121145, TicksCount = 23760, Volume = 90044 }";Application.Range.Brick;"10/06/2024 12:45:02";Up;121095;121145;121070;121145;23760;90044
"Brick { Date = 10/06/2024 12:44:33, Type = Down, Open = 121145, High = 121150, Low = 121095, Close = 121095, TicksCount = 5304, Volume = 18865 }";Application.Range.Brick;"10/06/2024 12:44:33";Down;121145;121150;121095;121095;5304;18865
"Brick { Date = 10/06/2024 12:41:18, Type = Down, Open = 121195, High = 121225, Low = 121145, Close = 121145, TicksCount = 22197, Volume = 85454 }";Application.Range.Brick;"10/06/2024 12:41:18";Down;121195;121225;121145;121145;22197;85454
"Brick { Date = 10/06/2024 12:36:31, Type = Up, Open = 121145, High = 121195, Low = 121100, Close = 121195, TicksCount = 32013, Volume = 123729 }";Application.Range.Brick;"10/06/2024 12:36:31";Up;121145;121195;121100;121195;32013;123729
"Brick { Date = 10/06/2024 12:35:47, Type = Up, Open = 121095, High = 121145, Low = 121085, Close = 121145, TicksCount = 10860, Volume = 42604 }";Application.Range.Brick;"10/06/2024 12:35:47";Up;121095;121145;121085;121145;10860;42604
"Brick { Date = 10/06/2024 12:35:18, Type = Up, Open = 121045, High = 121095, Low = 121035, Close = 121095, TicksCount = 7075, Volume = 26202 }";Application.Range.Brick;"10/06/2024 12:35:18";Up;121045;121095;121035;121095;7075;26202
"Brick { Date = 10/06/2024 12:33:20, Type = Down, Open = 121095, High = 121120, Low = 121045, Close = 121045, TicksCount = 21614, Volume = 79825 }";Application.Range.Brick;"10/06/2024 12:33:20";Down;121095;121120;121045;121045;21614;79825
"Brick { Date = 10/06/2024 12:32:47, Type = Down, Open = 121145, High = 121155, Low = 121095, Close = 121095, TicksCount = 5625, Volume = 22448 }";Application.Range.Brick;"10/06/2024 12:32:47";Down;121145;121155;121095;121095;5625;22448
"Brick { Date = 10/06/2024 12:30:27, Type = Down, Open = 121195, High = 121230, Low = 121145, Close = 121145, TicksCount = 15579, Volume = 64428 }";Application.Range.Brick;"10/06/2024 12:30:27";Down;121195;121230;121145;121145;15579;64428
"Brick { Date = 10/06/2024 12:27:30, Type = Up, Open = 121145, High = 121195, Low = 121120, Close = 121195, TicksCount = 13584, Volume = 52958 }";Application.Range.Brick;"10/06/2024 12:27:30";Up;121145;121195;121120;121195;13584;52958
"Brick { Date = 10/06/2024 12:27:05, Type = Up, Open = 121095, High = 121145, Low = 121095, Close = 121145, TicksCount = 4640, Volume = 20777 }";Application.Range.Brick;"10/06/2024 12:27:05";Up;121095;121145;121095;121145;4640;20777
"Brick { Date = 10/06/2024 12:26:25, Type = Down, Open = 121145, High = 121165, Low = 121095, Close = 121095, TicksCount = 7035, Volume = 26136 }";Application.Range.Brick;"10/06/2024 12:26:25";Down;121145;121165;121095;121095;7035;26136
"Brick { Date = 10/06/2024 12:23:24, Type = Down, Open = 121195, High = 121210, Low = 121145, Close = 121145, TicksCount = 13583, Volume = 54732 }";Application.Range.Brick;"10/06/2024 12:23:24";Down;121195;121210;121145;121145;13583;54732
"Brick { Date = 10/06/2024 12:23:04, Type = Up, Open = 121145, High = 121195, Low = 121140, Close = 121195, TicksCount = 4328, Volume = 16862 }";Application.Range.Brick;"10/06/2024 12:23:04";Up;121145;121195;121140;121195;4328;16862
"Brick { Date = 10/06/2024 12:21:39, Type = Down, Open = 121195, High = 121220, Low = 121145, Close = 121145, TicksCount = 12050, Volume = 51456 }";Application.Range.Brick;"10/06/2024 12:21:39";Down;121195;121220;121145;121145;12050;51456
"Brick { Date = 10/06/2024 12:20:09, Type = Down, Open = 121245, High = 121260, Low = 121195, Close = 121195, TicksCount = 14229, Volume = 56710 }";Application.Range.Brick;"10/06/2024 12:20:09";Down;121245;121260;121195;121195;14229;56710
"Brick { Date = 10/06/2024 12:19:46, Type = Up, Open = 121195, High = 121245, Low = 121190, Close = 121245, TicksCount = 8518, Volume = 32511 }";Application.Range.Brick;"10/06/2024 12:19:46";Up;121195;121245;121190;121245;8518;32511
"Brick { Date = 10/06/2024 12:15:43, Type = Up, Open = 121145, High = 121195, Low = 121100, Close = 121195, TicksCount = 25995, Volume = 104167 }";Application.Range.Brick;"10/06/2024 12:15:43";Up;121145;121195;121100;121195;25995;104167
"Brick { Date = 10/06/2024 12:14:16, Type = Down, Open = 121195, High = 121195, Low = 121145, Close = 121145, TicksCount = 6855, Volume = 27590 }";Application.Range.Brick;"10/06/2024 12:14:16";Down;121195;121195;121145;121145;6855;27590
"Brick { Date = 10/06/2024 12:13:32, Type = Up, Open = 121145, High = 121195, Low = 121140, Close = 121195, TicksCount = 4591, Volume = 16973 }";Application.Range.Brick;"10/06/2024 12:13:32";Up;121145;121195;121140;121195;4591;16973
"Brick { Date = 10/06/2024 12:52:19, Type = Down, Open = 121095, High = 121095, Low = 121045, Close = 121045, TicksCount = 9373, Volume = 36924 }";Application.Range.Brick;"10/06/2024 12:52:19";Down;121095;121095;121045;121045;9373;36924
"Brick { Date = 10/06/2024 12:13:05, Type = Down, Open = 121195, High = 121195, Low = 121145, Close = 121145, TicksCount = 2939, Volume = 12823 }";Application.Range.Brick;"10/06/2024 12:13:05";Down;121195;121195;121145;121145;2939;12823
"Brick { Date = 10/06/2024 12:53:38, Type = Down, Open = 121045, High = 121070, Low = 120995, Close = 120995, TicksCount = 22819, Volume = 85464 }";Application.Range.Brick;"10/06/2024 12:53:38";Down;121045;121070;120995;120995;22819;85464
"Brick { Date = 10/06/2024 12:58:02, Type = Up, Open = 121045, High = 121095, Low = 121035, Close = 121095, TicksCount = 6023, Volume = 23828 }";Application.Range.Brick;"10/06/2024 12:58:02";Up;121045;121095;121035;121095;6023;23828
"Brick { Date = 10/06/2024 13:53:50, Type = Down, Open = 121095, High = 121120, Low = 121045, Close = 121045, TicksCount = 11586, Volume = 48449 }";Application.Range.Brick;"10/06/2024 13:53:50";Down;121095;121120;121045;121045;11586;48449
"Brick { Date = 10/06/2024 13:53:01, Type = Down, Open = 121145, High = 121145, Low = 121095, Close = 121095, TicksCount = 5644, Volume = 23323 }";Application.Range.Brick;"10/06/2024 13:53:01";Down;121145;121145;121095;121095;5644;23323
"Brick { Date = 10/06/2024 13:50:29, Type = Up, Open = 121095, High = 121145, Low = 121085, Close = 121145, TicksCount = 12108, Volume = 49937 }";Application.Range.Brick;"10/06/2024 13:50:29";Up;121095;121145;121085;121145;12108;49937
"Brick { Date = 10/06/2024 13:47:49, Type = Up, Open = 121045, High = 121095, Low = 121010, Close = 121095, TicksCount = 12764, Volume = 51063 }";Application.Range.Brick;"10/06/2024 13:47:49";Up;121045;121095;121010;121095;12764;51063
"Brick { Date = 10/06/2024 13:47:03, Type = Up, Open = 120995, High = 121045, Low = 120990, Close = 121045, TicksCount = 8007, Volume = 33302 }";Application.Range.Brick;"10/06/2024 13:47:03";Up;120995;121045;120990;121045;8007;33302
"Brick { Date = 10/06/2024 13:46:47, Type = Down, Open = 121045, High = 121050, Low = 120995, Close = 120995, TicksCount = 6094, Volume = 23379 }";Application.Range.Brick;"10/06/2024 13:46:47";Down;121045;121050;120995;120995;6094;23379
"Brick { Date = 10/06/2024 13:45:11, Type = Down, Open = 121095, High = 121105, Low = 121045, Close = 121045, TicksCount = 10439, Volume = 40820 }";Application.Range.Brick;"10/06/2024 13:45:11";Down;121095;121105;121045;121045;10439;40820
"Brick { Date = 10/06/2024 13:40:42, Type = Down, Open = 121145, High = 121150, Low = 121095, Close = 121095, TicksCount = 15212, Volume = 59635 }";Application.Range.Brick;"10/06/2024 13:40:42";Down;121145;121150;121095;121095;15212;59635
"Brick { Date = 10/06/2024 13:35:42, Type = Up, Open = 121095, High = 121145, Low = 121080, Close = 121145, TicksCount = 16348, Volume = 62906 }";Application.Range.Brick;"10/06/2024 13:35:42";Up;121095;121145;121080;121145;16348;62906
"Brick { Date = 10/06/2024 13:32:30, Type = Up, Open = 121045, High = 121095, Low = 121015, Close = 121095, TicksCount = 19580, Volume = 75685 }";Application.Range.Brick;"10/06/2024 13:32:30";Up;121045;121095;121015;121095;19580;75685
"Brick { Date = 10/06/2024 13:25:34, Type = Down, Open = 121095, High = 121125, Low = 121045, Close = 121045, TicksCount = 35599, Volume = 141771 }";Application.Range.Brick;"10/06/2024 13:25:34";Down;121095;121125;121045;121045;35599;141771
"Brick { Date = 10/06/2024 13:22:22, Type = Down, Open = 121145, High = 121170, Low = 121095, Close = 121095, TicksCount = 12381, Volume = 50937 }";Application.Range.Brick;"10/06/2024 13:22:22";Down;121145;121170;121095;121095;12381;50937
"Brick { Date = 10/06/2024 13:21:38, Type = Up, Open = 121095, High = 121145, Low = 121095, Close = 121145, TicksCount = 3957, Volume = 15365 }";Application.Range.Brick;"10/06/2024 13:21:38";Up;121095;121145;121095;121145;3957;15365
"Brick { Date = 10/06/2024 13:19:01, Type = Down, Open = 121145, High = 121170, Low = 121095, Close = 121095, TicksCount = 18424, Volume = 75515 }";Application.Range.Brick;"10/06/2024 13:19:01";Down;121145;121170;121095;121095;18424;75515
"Brick { Date = 10/06/2024 13:17:59, Type = Down, Open = 121195, High = 121210, Low = 121145, Close = 121145, TicksCount = 9850, Volume = 39426 }";Application.Range.Brick;"10/06/2024 13:17:59";Down;121195;121210;121145;121145;9850;39426
"Brick { Date = 10/06/2024 13:16:46, Type = Down, Open = 121245, High = 121270, Low = 121195, Close = 121195, TicksCount = 15265, Volume = 63627 }";Application.Range.Brick;"10/06/2024 13:16:46";Down;121245;121270;121195;121195;15265;63627
"Brick { Date = 10/06/2024 13:10:58, Type = Up, Open = 121195, High = 121245, Low = 121170, Close = 121245, TicksCount = 31439, Volume = 118999 }";Application.Range.Brick;"10/06/2024 13:10:58";Up;121195;121245;121170;121245;31439;118999
"Brick { Date = 10/06/2024 13:05:44, Type = Up, Open = 121145, High = 121195, Low = 121100, Close = 121195, TicksCount = 30279, Volume = 118385 }";Application.Range.Brick;"10/06/2024 13:05:44";Up;121145;121195;121100;121195;30279;118385
"Brick { Date = 10/06/2024 13:03:51, Type = Up, Open = 121095, High = 121145, Low = 121075, Close = 121145, TicksCount = 14301, Volume = 54481 }";Application.Range.Brick;"10/06/2024 13:03:51";Up;121095;121145;121075;121145;14301;54481
"Brick { Date = 10/06/2024 13:00:54, Type = Up, Open = 121045, High = 121095, Low = 121005, Close = 121095, TicksCount = 18980, Volume = 71654 }";Application.Range.Brick;"10/06/2024 13:00:54";Up;121045;121095;121005;121095;18980;71654
"Brick { Date = 10/06/2024 12:58:39, Type = Down, Open = 121095, High = 121135, Low = 121045, Close = 121045, TicksCount = 20235, Volume = 78386 }";Application.Range.Brick;"10/06/2024 12:58:39";Down;121095;121135;121045;121045;20235;78386
"Brick { Date = 10/06/2024 12:57:07, Type = Up, Open = 120995, High = 121045, Low = 120985, Close = 121045, TicksCount = 7866, Volume = 29596 }";Application.Range.Brick;"10/06/2024 12:57:07";Up;120995;121045;120985;121045;7866;29596
"Brick { Date = 10/06/2024 12:12:43, Type = Up, Open = 121145, High = 121195, Low = 121145, Close = 121195, TicksCount = 4430, Volume = 21775 }";Application.Range.Brick;"10/06/2024 12:12:43";Up;121145;121195;121145;121195;4430;21775
"Brick { Date = 10/06/2024 12:11:50, Type = Down, Open = 121195, High = 121225, Low = 121145, Close = 121145, TicksCount = 9180, Volume = 37654 }";Application.Range.Brick;"10/06/2024 12:11:50";Down;121195;121225;121145;121145;9180;37654
"Brick { Date = 10/06/2024 12:09:52, Type = Down, Open = 121245, High = 121270, Low = 121195, Close = 121195, TicksCount = 10766, Volume = 40857 }";Application.Range.Brick;"10/06/2024 12:09:52";Down;121245;121270;121195;121195;10766;40857
"Brick { Date = 10/06/2024 11:38:05, Type = Down, Open = 121295, High = 121330, Low = 121245, Close = 121245, TicksCount = 10674, Volume = 41717 }";Application.Range.Brick;"10/06/2024 11:38:05";Down;121295;121330;121245;121245;10674;41717
"Brick { Date = 10/06/2024 11:37:22, Type = Down, Open = 121345, High = 121365, Low = 121295, Close = 121295, TicksCount = 12294, Volume = 46019 }";Application.Range.Brick;"10/06/2024 11:37:22";Down;121345;121365;121295;121295;12294;46019
"Brick { Date = 10/06/2024 11:37:17, Type = Up, Open = 121295, High = 121345, Low = 121280, Close = 121345, TicksCount = 5491, Volume = 21957 }";Application.Range.Brick;"10/06/2024 11:37:17";Up;121295;121345;121280;121345;5491;21957
"Brick { Date = 10/06/2024 11:36:23, Type = Up, Open = 121245, High = 121295, Low = 121225, Close = 121295, TicksCount = 5701, Volume = 22721 }";Application.Range.Brick;"10/06/2024 11:36:23";Up;121245;121295;121225;121295;5701;22721
"Brick { Date = 10/06/2024 11:36:11, Type = Down, Open = 121295, High = 121295, Low = 121245, Close = 121245, TicksCount = 3945, Volume = 15758 }";Application.Range.Brick;"10/06/2024 11:36:11";Down;121295;121295;121245;121245;3945;15758
"Brick { Date = 10/06/2024 11:35:00, Type = Up, Open = 121245, High = 121295, Low = 121210, Close = 121295, TicksCount = 17971, Volume = 68490 }";Application.Range.Brick;"10/06/2024 11:35:00";Up;121245;121295;121210;121295;17971;68490
"Brick { Date = 10/06/2024 11:34:25, Type = Up, Open = 121195, High = 121245, Low = 121185, Close = 121245, TicksCount = 9820, Volume = 38907 }";Application.Range.Brick;"10/06/2024 11:34:25";Up;121195;121245;121185;121245;9820;38907
"Brick { Date = 10/06/2024 11:34:08, Type = Up, Open = 121145, High = 121195, Low = 121135, Close = 121195, TicksCount = 5704, Volume = 21257 }";Application.Range.Brick;"10/06/2024 11:34:08";Up;121145;121195;121135;121195;5704;21257
"Brick { Date = 10/06/2024 11:33:55, Type = Up, Open = 121095, High = 121145, Low = 121090, Close = 121145, TicksCount = 4859, Volume = 22493 }";Application.Range.Brick;"10/06/2024 11:33:55";Up;121095;121145;121090;121145;4859;22493
"Brick { Date = 10/06/2024 11:33:12, Type = Down, Open = 121145, High = 121160, Low = 121095, Close = 121095, TicksCount = 10684, Volume = 40635 }";Application.Range.Brick;"10/06/2024 11:33:12";Down;121145;121160;121095;121095;10684;40635
"Brick { Date = 10/06/2024 11:32:59, Type = Down, Open = 121195, High = 121200, Low = 121145, Close = 121145, TicksCount = 8099, Volume = 30043 }";Application.Range.Brick;"10/06/2024 11:32:59";Down;121195;121200;121145;121145;8099;30043
"Brick { Date = 10/06/2024 11:30:57, Type = Down, Open = 121245, High = 121260, Low = 121195, Close = 121195, TicksCount = 12392, Volume = 50729 }";Application.Range.Brick;"10/06/2024 11:30:57";Down;121245;121260;121195;121195;12392;50729
"Brick { Date = 10/06/2024 11:30:17, Type = Up, Open = 121195, High = 121245, Low = 121195, Close = 121245, TicksCount = 5733, Volume = 23455 }";Application.Range.Brick;"10/06/2024 11:30:17";Up;121195;121245;121195;121245;5733;23455
"Brick { Date = 10/06/2024 11:30:02, Type = Down, Open = 121245, High = 121250, Low = 121195, Close = 121195, TicksCount = 8615, Volume = 30411 }";Application.Range.Brick;"10/06/2024 11:30:02";Down;121245;121250;121195;121195;8615;30411
"Brick { Date = 10/06/2024 11:27:38, Type = Down, Open = 121295, High = 121330, Low = 121245, Close = 121245, TicksCount = 22273, Volume = 81578 }";Application.Range.Brick;"10/06/2024 11:27:38";Down;121295;121330;121245;121245;22273;81578
"Brick { Date = 10/06/2024 11:24:42, Type = Down, Open = 121345, High = 121385, Low = 121295, Close = 121295, TicksCount = 35413, Volume = 137946 }";Application.Range.Brick;"10/06/2024 11:24:42";Down;121345;121385;121295;121295;35413;137946
"Brick { Date = 10/06/2024 11:23:29, Type = Up, Open = 121295, High = 121345, Low = 121295, Close = 121345, TicksCount = 14634, Volume = 55579 }";Application.Range.Brick;"10/06/2024 11:23:29";Up;121295;121345;121295;121345;14634;55579
"Brick { Date = 10/06/2024 11:21:43, Type = Up, Open = 121245, High = 121295, Low = 121220, Close = 121295, TicksCount = 11137, Volume = 41465 }";Application.Range.Brick;"10/06/2024 11:21:43";Up;121245;121295;121220;121295;11137;41465
"Brick { Date = 10/06/2024 11:21:12, Type = Up, Open = 121195, High = 121245, Low = 121190, Close = 121245, TicksCount = 4122, Volume = 15357 }";Application.Range.Brick;"10/06/2024 11:21:12";Up;121195;121245;121190;121245;4122;15357
"Brick { Date = 10/06/2024 11:19:57, Type = Down, Open = 121245, High = 121275, Low = 121195, Close = 121195, TicksCount = 11760, Volume = 44834 }";Application.Range.Brick;"10/06/2024 11:19:57";Down;121245;121275;121195;121195;11760;44834
"Brick { Date = 10/06/2024 11:19:35, Type = Down, Open = 121295, High = 121300, Low = 121245, Close = 121245, TicksCount = 4530, Volume = 16653 }";Application.Range.Brick;"10/06/2024 11:19:35";Down;121295;121300;121245;121245;4530;16653
"Brick { Date = 10/06/2024 11:39:11, Type = Up, Open = 121245, High = 121295, Low = 121215, Close = 121295, TicksCount = 14492, Volume = 54429 }";Application.Range.Brick;"10/06/2024 11:39:11";Up;121245;121295;121215;121295;14492;54429
"Brick { Date = 10/06/2024 11:40:48, Type = Down, Open = 121295, High = 121330, Low = 121245, Close = 121245, TicksCount = 16027, Volume = 62001 }";Application.Range.Brick;"10/06/2024 11:40:48";Down;121295;121330;121245;121245;16027;62001
"Brick { Date = 10/06/2024 11:43:08, Type = Up, Open = 121245, High = 121295, Low = 121245, Close = 121295, TicksCount = 1693, Volume = 7437 }";Application.Range.Brick;"10/06/2024 11:43:08";Up;121245;121295;121245;121295;1693;7437
"Brick { Date = 10/06/2024 11:43:14, Type = Up, Open = 121295, High = 121345, Low = 121270, Close = 121345, TicksCount = 10744, Volume = 43798 }";Application.Range.Brick;"10/06/2024 11:43:14";Up;121295;121345;121270;121345;10744;43798
"Brick { Date = 10/06/2024 12:09:07, Type = Up, Open = 121195, High = 121245, Low = 121195, Close = 121245, TicksCount = 3764, Volume = 14248 }";Application.Range.Brick;"10/06/2024 12:09:07";Up;121195;121245;121195;121245;3764;14248
"Brick { Date = 10/06/2024 12:08:40, Type = Down, Open = 121245, High = 121245, Low = 121195, Close = 121195, TicksCount = 2966, Volume = 11555 }";Application.Range.Brick;"10/06/2024 12:08:40";Down;121245;121245;121195;121195;2966;11555
"Brick { Date = 10/06/2024 12:07:24, Type = Up, Open = 121195, High = 121245, Low = 121150, Close = 121245, TicksCount = 23255, Volume = 93685 }";Application.Range.Brick;"10/06/2024 12:07:24";Up;121195;121245;121150;121245;23255;93685
"Brick { Date = 10/06/2024 12:02:46, Type = Down, Open = 121245, High = 121290, Low = 121195, Close = 121195, TicksCount = 29375, Volume = 117073 }";Application.Range.Brick;"10/06/2024 12:02:46";Down;121245;121290;121195;121195;29375;117073
"Brick { Date = 10/06/2024 12:02:12, Type = Down, Open = 121295, High = 121305, Low = 121245, Close = 121245, TicksCount = 6364, Volume = 25165 }";Application.Range.Brick;"10/06/2024 12:02:12";Down;121295;121305;121245;121245;6364;25165
"Brick { Date = 10/06/2024 11:59:15, Type = Up, Open = 121245, High = 121295, Low = 121200, Close = 121295, TicksCount = 30500, Volume = 119620 }";Application.Range.Brick;"10/06/2024 11:59:15";Up;121245;121295;121200;121295;30500;119620
"Brick { Date = 10/06/2024 11:57:10, Type = Down, Open = 121295, High = 121325, Low = 121245, Close = 121245, TicksCount = 20424, Volume = 77614 }";Application.Range.Brick;"10/06/2024 11:57:10";Down;121295;121325;121245;121245;20424;77614
"Brick { Date = 10/06/2024 11:56:02, Type = Down, Open = 121345, High = 121355, Low = 121295, Close = 121295, TicksCount = 14449, Volume = 57126 }";Application.Range.Brick;"10/06/2024 11:56:02";Down;121345;121355;121295;121295;14449;57126
"Brick { Date = 10/06/2024 11:55:15, Type = Down, Open = 121395, High = 121415, Low = 121345, Close = 121345, TicksCount = 8136, Volume = 29583 }";Application.Range.Brick;"10/06/2024 11:55:15";Down;121395;121415;121345;121345;8136;29583
"Brick { Date = 10/06/2024 11:54:24, Type = Down, Open = 121445, High = 121475, Low = 121395, Close = 121395, TicksCount = 9786, Volume = 36991 }";Application.Range.Brick;"10/06/2024 11:54:24";Down;121445;121475;121395;121395;9786;36991
"Brick { Date = 10/06/2024 13:55:31, Type = Up, Open = 121045, High = 121095, Low = 121035, Close = 121095, TicksCount = 7650, Volume = 31502 }";Application.Range.Brick;"10/06/2024 13:55:31";Up;121045;121095;121035;121095;7650;31502
"Brick { Date = 10/06/2024 11:53:54, Type = Down, Open = 121495, High = 121500, Low = 121445, Close = 121445, TicksCount = 5479, Volume = 20152 }";Application.Range.Brick;"10/06/2024 11:53:54";Down;121495;121500;121445;121445;5479;20152
"Brick { Date = 10/06/2024 11:52:26, Type = Up, Open = 121395, High = 121445, Low = 121390, Close = 121445, TicksCount = 13428, Volume = 59072 }";Application.Range.Brick;"10/06/2024 11:52:26";Up;121395;121445;121390;121445;13428;59072
"Brick { Date = 10/06/2024 11:50:33, Type = Up, Open = 121345, High = 121395, Low = 121300, Close = 121395, TicksCount = 14315, Volume = 55653 }";Application.Range.Brick;"10/06/2024 11:50:33";Up;121345;121395;121300;121395;14315;55653
"Brick { Date = 10/06/2024 11:50:03, Type = Up, Open = 121295, High = 121345, Low = 121280, Close = 121345, TicksCount = 7489, Volume = 26192 }";Application.Range.Brick;"10/06/2024 11:50:03";Up;121295;121345;121280;121345;7489;26192
"Brick { Date = 10/06/2024 11:49:06, Type = Down, Open = 121345, High = 121350, Low = 121295, Close = 121295, TicksCount = 11737, Volume = 42775 }";Application.Range.Brick;"10/06/2024 11:49:06";Down;121345;121350;121295;121295;11737;42775
"Brick { Date = 10/06/2024 11:48:53, Type = Down, Open = 121395, High = 121400, Low = 121345, Close = 121345, TicksCount = 5469, Volume = 19077 }";Application.Range.Brick;"10/06/2024 11:48:53";Down;121395;121400;121345;121345;5469;19077
"Brick { Date = 10/06/2024 11:48:14, Type = Down, Open = 121445, High = 121445, Low = 121395, Close = 121395, TicksCount = 7989, Volume = 30788 }";Application.Range.Brick;"10/06/2024 11:48:14";Down;121445;121445;121395;121395;7989;30788
"Brick { Date = 10/06/2024 11:48:00, Type = Up, Open = 121395, High = 121445, Low = 121385, Close = 121445, TicksCount = 11719, Volume = 46208 }";Application.Range.Brick;"10/06/2024 11:48:00";Up;121395;121445;121385;121445;11719;46208
"Brick { Date = 10/06/2024 11:47:04, Type = Up, Open = 121345, High = 121395, Low = 121330, Close = 121395, TicksCount = 5835, Volume = 22554 }";Application.Range.Brick;"10/06/2024 11:47:04";Up;121345;121395;121330;121395;5835;22554
"Brick { Date = 10/06/2024 11:46:51, Type = Up, Open = 121295, High = 121345, Low = 121290, Close = 121345, TicksCount = 2460, Volume = 9870 }";Application.Range.Brick;"10/06/2024 11:46:51";Up;121295;121345;121290;121345;2460;9870
"Brick { Date = 10/06/2024 11:45:11, Type = Down, Open = 121345, High = 121380, Low = 121295, Close = 121295, TicksCount = 18197, Volume = 70710 }";Application.Range.Brick;"10/06/2024 11:45:11";Down;121345;121380;121295;121295;18197;70710
"Brick { Date = 10/06/2024 11:53:16, Type = Up, Open = 121445, High = 121495, Low = 121430, Close = 121495, TicksCount = 13725, Volume = 48666 }";Application.Range.Brick;"10/06/2024 11:53:16";Up;121445;121495;121430;121495;13725;48666
"Brick { Date = 10/06/2024 11:18:33, Type = Up, Open = 121245, High = 121295, Low = 121210, Close = 121295, TicksCount = 11407, Volume = 42046 }";Application.Range.Brick;"10/06/2024 11:18:33";Up;121245;121295;121210;121295;11407;42046
"Brick { Date = 10/06/2024 13:56:51, Type = Up, Open = 121095, High = 121145, Low = 121060, Close = 121145, TicksCount = 19561, Volume = 88729 }";Application.Range.Brick;"10/06/2024 13:56:51";Up;121095;121145;121060;121145;19561;88729
"Brick { Date = 10/06/2024 14:02:01, Type = Up, Open = 121095, High = 121145, Low = 121050, Close = 121145, TicksCount = 21864, Volume = 85984 }";Application.Range.Brick;"10/06/2024 14:02:01";Up;121095;121145;121050;121145;21864;85984
"Brick { Date = 10/06/2024 16:05:02, Type = Down, Open = 120995, High = 121015, Low = 120945, Close = 120945, TicksCount = 9976, Volume = 43463 }";Application.Range.Brick;"10/06/2024 16:05:02";Down;120995;121015;120945;120945;9976;43463
"Brick { Date = 10/06/2024 16:01:49, Type = Down, Open = 121045, High = 121050, Low = 120995, Close = 120995, TicksCount = 7667, Volume = 30065 }";Application.Range.Brick;"10/06/2024 16:01:49";Down;121045;121050;120995;120995;7667;30065
"Brick { Date = 10/06/2024 15:57:22, Type = Up, Open = 120995, High = 121045, Low = 120960, Close = 121045, TicksCount = 22970, Volume = 97607 }";Application.Range.Brick;"10/06/2024 15:57:22";Up;120995;121045;120960;121045;22970;97607
"Brick { Date = 10/06/2024 15:56:48, Type = Down, Open = 121045, High = 121065, Low = 120995, Close = 120995, TicksCount = 6369, Volume = 27032 }";Application.Range.Brick;"10/06/2024 15:56:48";Down;121045;121065;120995;120995;6369;27032
"Brick { Date = 10/06/2024 15:55:51, Type = Up, Open = 120995, High = 121045, Low = 120995, Close = 121045, TicksCount = 2510, Volume = 9967 }";Application.Range.Brick;"10/06/2024 15:55:51";Up;120995;121045;120995;121045;2510;9967
"Brick { Date = 10/06/2024 15:54:58, Type = Down, Open = 121045, High = 121045, Low = 120995, Close = 120995, TicksCount = 4531, Volume = 20357 }";Application.Range.Brick;"10/06/2024 15:54:58";Down;121045;121045;120995;120995;4531;20357
"Brick { Date = 10/06/2024 15:52:57, Type = Up, Open = 120995, High = 121045, Low = 120975, Close = 121045, TicksCount = 12509, Volume = 49228 }";Application.Range.Brick;"10/06/2024 15:52:57";Up;120995;121045;120975;121045;12509;49228
"Brick { Date = 10/06/2024 15:47:36, Type = Down, Open = 121045, High = 121070, Low = 120995, Close = 120995, TicksCount = 25741, Volume = 105191 }";Application.Range.Brick;"10/06/2024 15:47:36";Down;121045;121070;120995;120995;25741;105191
"Brick { Date = 10/06/2024 15:47:08, Type = Up, Open = 120995, High = 121045, Low = 120985, Close = 121045, TicksCount = 4765, Volume = 18880 }";Application.Range.Brick;"10/06/2024 15:47:08";Up;120995;121045;120985;121045;4765;18880
"Brick { Date = 10/06/2024 15:46:44, Type = Down, Open = 121045, High = 121055, Low = 120995, Close = 120995, TicksCount = 9839, Volume = 44374 }";Application.Range.Brick;"10/06/2024 15:46:44";Down;121045;121055;120995;120995;9839;44374
"Brick { Date = 10/06/2024 15:44:50, Type = Down, Open = 121095, High = 121125, Low = 121045, Close = 121045, TicksCount = 14884, Volume = 63712 }";Application.Range.Brick;"10/06/2024 15:44:50";Down;121095;121125;121045;121045;14884;63712
"Brick { Date = 10/06/2024 15:43:59, Type = Down, Open = 121145, High = 121145, Low = 121095, Close = 121095, TicksCount = 6492, Volume = 27785 }";Application.Range.Brick;"10/06/2024 15:43:59";Down;121145;121145;121095;121095;6492;27785
"Brick { Date = 10/06/2024 15:43:09, Type = Up, Open = 121095, High = 121145, Low = 121075, Close = 121145, TicksCount = 8583, Volume = 35912 }";Application.Range.Brick;"10/06/2024 15:43:09";Up;121095;121145;121075;121145;8583;35912
"Brick { Date = 10/06/2024 15:42:41, Type = Down, Open = 121145, High = 121160, Low = 121095, Close = 121095, TicksCount = 8556, Volume = 34034 }";Application.Range.Brick;"10/06/2024 15:42:41";Down;121145;121160;121095;121095;8556;34034
"Brick { Date = 10/06/2024 15:42:02, Type = Up, Open = 121095, High = 121145, Low = 121060, Close = 121145, TicksCount = 9863, Volume = 41895 }";Application.Range.Brick;"10/06/2024 15:42:02";Up;121095;121145;121060;121145;9863;41895
"Brick { Date = 10/06/2024 15:41:19, Type = Up, Open = 121045, High = 121095, Low = 121035, Close = 121095, TicksCount = 7948, Volume = 32663 }";Application.Range.Brick;"10/06/2024 15:41:19";Up;121045;121095;121035;121095;7948;32663
"Brick { Date = 10/06/2024 15:40:36, Type = Up, Open = 120995, High = 121045, Low = 120985, Close = 121045, TicksCount = 7240, Volume = 28916 }";Application.Range.Brick;"10/06/2024 15:40:36";Up;120995;121045;120985;121045;7240;28916
"Brick { Date = 10/06/2024 15:39:57, Type = Down, Open = 121045, High = 121060, Low = 120995, Close = 120995, TicksCount = 11229, Volume = 44953 }";Application.Range.Brick;"10/06/2024 15:39:57";Down;121045;121060;120995;120995;11229;44953
"Brick { Date = 10/06/2024 15:39:43, Type = Down, Open = 121095, High = 121125, Low = 121045, Close = 121045, TicksCount = 10805, Volume = 44560 }";Application.Range.Brick;"10/06/2024 15:39:43";Down;121095;121125;121045;121045;10805;44560
"Brick { Date = 10/06/2024 15:39:37, Type = Up, Open = 121045, High = 121095, Low = 121040, Close = 121095, TicksCount = 6388, Volume = 30970 }";Application.Range.Brick;"10/06/2024 15:39:37";Up;121045;121095;121040;121095;6388;30970
"Brick { Date = 10/06/2024 15:39:29, Type = Up, Open = 120995, High = 121045, Low = 120985, Close = 121045, TicksCount = 5858, Volume = 24535 }";Application.Range.Brick;"10/06/2024 15:39:29";Up;120995;121045;120985;121045;5858;24535
"Brick { Date = 10/06/2024 16:06:33, Type = Down, Open = 120945, High = 120960, Low = 120895, Close = 120895, TicksCount = 18158, Volume = 78314 }";Application.Range.Brick;"10/06/2024 16:06:33";Down;120945;120960;120895;120895;18158;78314
"Brick { Date = 10/06/2024 15:37:09, Type = Up, Open = 120945, High = 120995, Low = 120910, Close = 120995, TicksCount = 17987, Volume = 73983 }";Application.Range.Brick;"10/06/2024 15:37:09";Up;120945;120995;120910;120995;17987;73983
"Brick { Date = 10/06/2024 16:09:00, Type = Up, Open = 120895, High = 120945, Low = 120865, Close = 120945, TicksCount = 26848, Volume = 110341 }";Application.Range.Brick;"10/06/2024 16:09:00";Up;120895;120945;120865;120945;26848;110341
"Brick { Date = 10/06/2024 16:14:29, Type = Up, Open = 120995, High = 121045, Low = 120985, Close = 121045, TicksCount = 8238, Volume = 35629 }";Application.Range.Brick;"10/06/2024 16:14:29";Up;120995;121045;120985;121045;8238;35629
"Brick { Date = 10/06/2024 17:40:39, Type = Up, Open = 120945, High = 120995, Low = 120925, Close = 120995, TicksCount = 12612, Volume = 48094 }";Application.Range.Brick;"10/06/2024 17:40:39";Up;120945;120995;120925;120995;12612;48094
"Brick { Date = 10/06/2024 17:33:50, Type = Down, Open = 120995, High = 121005, Low = 120945, Close = 120945, TicksCount = 14558, Volume = 59729 }";Application.Range.Brick;"10/06/2024 17:33:50";Down;120995;121005;120945;120945;14558;59729
"Brick { Date = 10/06/2024 17:31:03, Type = Up, Open = 120945, High = 120995, Low = 120940, Close = 120995, TicksCount = 10374, Volume = 47286 }";Application.Range.Brick;"10/06/2024 17:31:03";Up;120945;120995;120940;120995;10374;47286
"Brick { Date = 10/06/2024 17:29:45, Type = Up, Open = 120895, High = 120945, Low = 120890, Close = 120945, TicksCount = 6929, Volume = 29404 }";Application.Range.Brick;"10/06/2024 17:29:45";Up;120895;120945;120890;120945;6929;29404
"Brick { Date = 10/06/2024 17:19:40, Type = Up, Open = 120845, High = 120895, Low = 120845, Close = 120895, TicksCount = 12023, Volume = 46386 }";Application.Range.Brick;"10/06/2024 17:19:40";Up;120845;120895;120845;120895;12023;46386
"Brick { Date = 10/06/2024 17:12:47, Type = Down, Open = 120895, High = 120915, Low = 120845, Close = 120845, TicksCount = 14663, Volume = 65239 }";Application.Range.Brick;"10/06/2024 17:12:47";Down;120895;120915;120845;120845;14663;65239
"Brick { Date = 10/06/2024 17:04:32, Type = Up, Open = 120845, High = 120895, Low = 120835, Close = 120895, TicksCount = 17371, Volume = 72837 }";Application.Range.Brick;"10/06/2024 17:04:32";Up;120845;120895;120835;120895;17371;72837
"Brick { Date = 10/06/2024 17:00:05, Type = Down, Open = 120895, High = 120930, Low = 120845, Close = 120845, TicksCount = 19497, Volume = 81427 }";Application.Range.Brick;"10/06/2024 17:00:05";Down;120895;120930;120845;120845;19497;81427
"Brick { Date = 10/06/2024 16:55:47, Type = Up, Open = 120845, High = 120895, Low = 120810, Close = 120895, TicksCount = 22687, Volume = 98687 }";Application.Range.Brick;"10/06/2024 16:55:47";Up;120845;120895;120810;120895;22687;98687
"Brick { Date = 10/06/2024 16:54:48, Type = Down, Open = 120895, High = 120905, Low = 120845, Close = 120845, TicksCount = 4849, Volume = 20797 }";Application.Range.Brick;"10/06/2024 16:54:48";Down;120895;120905;120845;120845;4849;20797
"Brick { Date = 10/06/2024 16:50:06, Type = Up, Open = 120845, High = 120895, Low = 120840, Close = 120895, TicksCount = 13066, Volume = 50469 }";Application.Range.Brick;"10/06/2024 16:50:06";Up;120845;120895;120840;120895;13066;50469
"Brick { Date = 10/06/2024 16:49:36, Type = Down, Open = 120895, High = 120905, Low = 120845, Close = 120845, TicksCount = 4023, Volume = 18653 }";Application.Range.Brick;"10/06/2024 16:49:36";Down;120895;120905;120845;120845;4023;18653
"Brick { Date = 10/06/2024 16:47:34, Type = Up, Open = 120845, High = 120895, Low = 120845, Close = 120895, TicksCount = 9856, Volume = 39070 }";Application.Range.Brick;"10/06/2024 16:47:34";Up;120845;120895;120845;120895;9856;39070
"Brick { Date = 10/06/2024 16:46:40, Type = Down, Open = 120895, High = 120910, Low = 120845, Close = 120845, TicksCount = 8545, Volume = 37035 }";Application.Range.Brick;"10/06/2024 16:46:40";Down;120895;120910;120845;120845;8545;37035
"Brick { Date = 10/06/2024 16:40:52, Type = Down, Open = 120945, High = 120985, Low = 120895, Close = 120895, TicksCount = 24745, Volume = 104850 }";Application.Range.Brick;"10/06/2024 16:40:52";Down;120945;120985;120895;120895;24745;104850
"Brick { Date = 10/06/2024 16:30:50, Type = Up, Open = 120895, High = 120945, Low = 120850, Close = 120945, TicksCount = 42139, Volume = 184798 }";Application.Range.Brick;"10/06/2024 16:30:50";Up;120895;120945;120850;120945;42139;184798
"Brick { Date = 10/06/2024 16:28:03, Type = Down, Open = 120945, High = 120980, Low = 120895, Close = 120895, TicksCount = 16247, Volume = 67922 }";Application.Range.Brick;"10/06/2024 16:28:03";Down;120945;120980;120895;120895;16247;67922
"Brick { Date = 10/06/2024 16:19:20, Type = Down, Open = 120995, High = 121035, Low = 120945, Close = 120945, TicksCount = 34286, Volume = 141690 }";Application.Range.Brick;"10/06/2024 16:19:20";Down;120995;121035;120945;120945;34286;141690
"Brick { Date = 10/06/2024 16:17:40, Type = Up, Open = 120945, High = 120995, Low = 120920, Close = 120995, TicksCount = 10685, Volume = 44048 }";Application.Range.Brick;"10/06/2024 16:17:40";Up;120945;120995;120920;120995;10685;44048
"Brick { Date = 10/06/2024 16:16:01, Type = Down, Open = 120995, High = 121005, Low = 120945, Close = 120945, TicksCount = 10058, Volume = 43307 }";Application.Range.Brick;"10/06/2024 16:16:01";Down;120995;121005;120945;120945;10058;43307
"Brick { Date = 10/06/2024 16:15:06, Type = Down, Open = 121045, High = 121050, Low = 120995, Close = 120995, TicksCount = 8038, Volume = 35594 }";Application.Range.Brick;"10/06/2024 16:15:06";Down;121045;121050;120995;120995;8038;35594
"Brick { Date = 10/06/2024 16:13:33, Type = Up, Open = 120945, High = 120995, Low = 120935, Close = 120995, TicksCount = 10066, Volume = 43321 }";Application.Range.Brick;"10/06/2024 16:13:33";Up;120945;120995;120935;120995;10066;43321
"Brick { Date = 10/06/2024 15:35:15, Type = Up, Open = 120895, High = 120945, Low = 120865, Close = 120945, TicksCount = 19406, Volume = 78393 }";Application.Range.Brick;"10/06/2024 15:35:15";Up;120895;120945;120865;120945;19406;78393
"Brick { Date = 10/06/2024 15:34:37, Type = Up, Open = 120845, High = 120895, Low = 120825, Close = 120895, TicksCount = 9589, Volume = 39626 }";Application.Range.Brick;"10/06/2024 15:34:37";Up;120845;120895;120825;120895;9589;39626
"Brick { Date = 10/06/2024 15:26:19, Type = Up, Open = 120795, High = 120845, Low = 120750, Close = 120845, TicksCount = 42627, Volume = 162900 }";Application.Range.Brick;"10/06/2024 15:26:19";Up;120795;120845;120750;120845;42627;162900
"Brick { Date = 10/06/2024 14:35:18, Type = Down, Open = 121045, High = 121070, Low = 120995, Close = 120995, TicksCount = 12398, Volume = 51941 }";Application.Range.Brick;"10/06/2024 14:35:18";Down;121045;121070;120995;120995;12398;51941
"Brick { Date = 10/06/2024 14:33:41, Type = Up, Open = 120995, High = 121045, Low = 120975, Close = 121045, TicksCount = 13790, Volume = 55926 }";Application.Range.Brick;"10/06/2024 14:33:41";Up;120995;121045;120975;121045;13790;55926
"Brick { Date = 10/06/2024 14:32:55, Type = Up, Open = 120945, High = 120995, Low = 120930, Close = 120995, TicksCount = 6928, Volume = 25510 }";Application.Range.Brick;"10/06/2024 14:32:55";Up;120945;120995;120930;120995;6928;25510
"Brick { Date = 10/06/2024 14:31:32, Type = Up, Open = 120895, High = 120945, Low = 120885, Close = 120945, TicksCount = 8569, Volume = 37395 }";Application.Range.Brick;"10/06/2024 14:31:32";Up;120895;120945;120885;120945;8569;37395
"Brick { Date = 10/06/2024 14:30:13, Type = Down, Open = 120945, High = 120975, Low = 120895, Close = 120895, TicksCount = 10955, Volume = 46090 }";Application.Range.Brick;"10/06/2024 14:30:13";Down;120945;120975;120895;120895;10955;46090
"Brick { Date = 10/06/2024 14:27:27, Type = Down, Open = 120995, High = 121040, Low = 120945, Close = 120945, TicksCount = 20213, Volume = 85319 }";Application.Range.Brick;"10/06/2024 14:27:27";Down;120995;121040;120945;120945;20213;85319
"Brick { Date = 10/06/2024 14:26:00, Type = Up, Open = 120945, High = 120995, Low = 120940, Close = 120995, TicksCount = 10103, Volume = 38659 }";Application.Range.Brick;"10/06/2024 14:26:00";Up;120945;120995;120940;120995;10103;38659
"Brick { Date = 10/06/2024 14:25:09, Type = Up, Open = 120895, High = 120945, Low = 120880, Close = 120945, TicksCount = 9650, Volume = 43916 }";Application.Range.Brick;"10/06/2024 14:25:09";Up;120895;120945;120880;120945;9650;43916
"Brick { Date = 10/06/2024 14:24:21, Type = Down, Open = 120945, High = 120975, Low = 120895, Close = 120895, TicksCount = 9943, Volume = 44268 }";Application.Range.Brick;"10/06/2024 14:24:21";Down;120945;120975;120895;120895;9943;44268
"Brick { Date = 10/06/2024 14:24:03, Type = Down, Open = 120995, High = 120995, Low = 120945, Close = 120945, TicksCount = 2454, Volume = 11580 }";Application.Range.Brick;"10/06/2024 14:24:03";Down;120995;120995;120945;120945;2454;11580
"Brick { Date = 10/06/2024 14:23:39, Type = Up, Open = 120945, High = 120995, Low = 120935, Close = 120995, TicksCount = 4773, Volume = 20115 }";Application.Range.Brick;"10/06/2024 14:23:39";Up;120945;120995;120935;120995;4773;20115
"Brick { Date = 10/06/2024 14:22:24, Type = Down, Open = 120995, High = 121010, Low = 120945, Close = 120945, TicksCount = 10639, Volume = 44122 }";Application.Range.Brick;"10/06/2024 14:22:24";Down;120995;121010;120945;120945;10639;44122
"Brick { Date = 10/06/2024 14:20:36, Type = Down, Open = 121045, High = 121055, Low = 120995, Close = 120995, TicksCount = 11223, Volume = 47730 }";Application.Range.Brick;"10/06/2024 14:20:36";Down;121045;121055;120995;120995;11223;47730
"Brick { Date = 10/06/2024 14:19:08, Type = Up, Open = 120995, High = 121045, Low = 120975, Close = 121045, TicksCount = 13465, Volume = 55722 }";Application.Range.Brick;"10/06/2024 14:19:08";Up;120995;121045;120975;121045;13465;55722
"Brick { Date = 10/06/2024 14:17:21, Type = Up, Open = 120945, High = 120995, Low = 120910, Close = 120995, TicksCount = 23298, Volume = 92252 }";Application.Range.Brick;"10/06/2024 14:17:21";Up;120945;120995;120910;120995;23298;92252
"Brick { Date = 10/06/2024 14:15:59, Type = Down, Open = 120995, High = 121020, Low = 120945, Close = 120945, TicksCount = 9898, Volume = 39760 }";Application.Range.Brick;"10/06/2024 14:15:59";Down;120995;121020;120945;120945;9898;39760
"Brick { Date = 10/06/2024 14:15:22, Type = Down, Open = 121045, High = 121050, Low = 120995, Close = 120995, TicksCount = 3832, Volume = 14928 }";Application.Range.Brick;"10/06/2024 14:15:22";Down;121045;121050;120995;120995;3832;14928
"Brick { Date = 10/06/2024 14:12:49, Type = Up, Open = 120995, High = 121045, Low = 120960, Close = 121045, TicksCount = 24789, Volume = 92247 }";Application.Range.Brick;"10/06/2024 14:12:49";Up;120995;121045;120960;121045;24789;92247
"Brick { Date = 10/06/2024 14:11:47, Type = Down, Open = 121045, High = 121060, Low = 120995, Close = 120995, TicksCount = 10652, Volume = 40672 }";Application.Range.Brick;"10/06/2024 14:11:47";Down;121045;121060;120995;120995;10652;40672
"Brick { Date = 10/06/2024 14:08:54, Type = Down, Open = 121095, High = 121105, Low = 121045, Close = 121045, TicksCount = 15488, Volume = 58555 }";Application.Range.Brick;"10/06/2024 14:08:54";Down;121095;121105;121045;121045;15488;58555
"Brick { Date = 10/06/2024 14:07:01, Type = Down, Open = 121145, High = 121165, Low = 121095, Close = 121095, TicksCount = 13323, Volume = 50275 }";Application.Range.Brick;"10/06/2024 14:07:01";Down;121145;121165;121095;121095;13323;50275
"Brick { Date = 10/06/2024 14:36:48, Type = Up, Open = 120995, High = 121045, Low = 120965, Close = 121045, TicksCount = 41128, Volume = 172228 }";Application.Range.Brick;"10/06/2024 14:36:48";Up;120995;121045;120965;121045;41128;172228
"Brick { Date = 10/06/2024 14:46:02, Type = Up, Open = 121045, High = 121095, Low = 121030, Close = 121095, TicksCount = 8804, Volume = 34112 }";Application.Range.Brick;"10/06/2024 14:46:02";Up;121045;121095;121030;121095;8804;34112
"Brick { Date = 10/06/2024 14:46:50, Type = Down, Open = 121095, High = 121130, Low = 121045, Close = 121045, TicksCount = 30170, Volume = 116181 }";Application.Range.Brick;"10/06/2024 14:46:50";Down;121095;121130;121045;121045;30170;116181
"Brick { Date = 10/06/2024 14:50:49, Type = Down, Open = 121045, High = 121085, Low = 120995, Close = 120995, TicksCount = 24302, Volume = 100988 }";Application.Range.Brick;"10/06/2024 14:50:49";Down;121045;121085;120995;120995;24302;100988
"Brick { Date = 10/06/2024 15:25:53, Type = Down, Open = 120845, High = 120850, Low = 120795, Close = 120795, TicksCount = 4585, Volume = 20257 }";Application.Range.Brick;"10/06/2024 15:25:53";Down;120845;120850;120795;120795;4585;20257
"Brick { Date = 10/06/2024 15:25:26, Type = Up, Open = 120795, High = 120845, Low = 120790, Close = 120845, TicksCount = 7098, Volume = 29326 }";Application.Range.Brick;"10/06/2024 15:25:26";Up;120795;120845;120790;120845;7098;29326
"Brick { Date = 10/06/2024 15:25:07, Type = Up, Open = 120745, High = 120795, Low = 120730, Close = 120795, TicksCount = 3462, Volume = 15712 }";Application.Range.Brick;"10/06/2024 15:25:07";Up;120745;120795;120730;120795;3462;15712
"Brick { Date = 10/06/2024 15:24:51, Type = Down, Open = 120795, High = 120795, Low = 120745, Close = 120745, TicksCount = 2483, Volume = 11118 }";Application.Range.Brick;"10/06/2024 15:24:51";Down;120795;120795;120745;120745;2483;11118
"Brick { Date = 10/06/2024 15:24:12, Type = Up, Open = 120745, High = 120795, Low = 120740, Close = 120795, TicksCount = 7385, Volume = 32121 }";Application.Range.Brick;"10/06/2024 15:24:12";Up;120745;120795;120740;120795;7385;32121
"Brick { Date = 10/06/2024 15:23:31, Type = Up, Open = 120695, High = 120745, Low = 120695, Close = 120745, TicksCount = 3567, Volume = 15418 }";Application.Range.Brick;"10/06/2024 15:23:31";Up;120695;120745;120695;120745;3567;15418
"Brick { Date = 10/06/2024 15:22:54, Type = Down, Open = 120745, High = 120760, Low = 120695, Close = 120695, TicksCount = 7582, Volume = 37367 }";Application.Range.Brick;"10/06/2024 15:22:54";Down;120745;120760;120695;120695;7582;37367
"Brick { Date = 10/06/2024 15:22:16, Type = Up, Open = 120695, High = 120745, Low = 120660, Close = 120745, TicksCount = 12424, Volume = 53996 }";Application.Range.Brick;"10/06/2024 15:22:16";Up;120695;120745;120660;120745;12424;53996
"Brick { Date = 10/06/2024 15:20:48, Type = Down, Open = 120745, High = 120780, Low = 120695, Close = 120695, TicksCount = 17597, Volume = 76209 }";Application.Range.Brick;"10/06/2024 15:20:48";Down;120745;120780;120695;120695;17597;76209
"Brick { Date = 10/06/2024 15:19:25, Type = Down, Open = 120795, High = 120820, Low = 120745, Close = 120745, TicksCount = 15992, Volume = 69496 }";Application.Range.Brick;"10/06/2024 15:19:25";Down;120795;120820;120745;120745;15992;69496
"Brick { Date = 10/06/2024 14:01:58, Type = Down, Open = 121145, High = 121145, Low = 121095, Close = 121095, TicksCount = 1552, Volume = 7356 }";Application.Range.Brick;"10/06/2024 14:01:58";Down;121145;121145;121095;121095;1552;7356
"Brick { Date = 10/06/2024 15:16:30, Type = Down, Open = 120845, High = 120885, Low = 120795, Close = 120795, TicksCount = 18019, Volume = 72803 }";Application.Range.Brick;"10/06/2024 15:16:30";Down;120845;120885;120795;120795;18019;72803
"Brick { Date = 10/06/2024 15:13:46, Type = Down, Open = 120845, High = 120865, Low = 120795, Close = 120795, TicksCount = 8375, Volume = 31627 }";Application.Range.Brick;"10/06/2024 15:13:46";Down;120845;120865;120795;120795;8375;31627
"Brick { Date = 10/06/2024 15:11:04, Type = Up, Open = 120795, High = 120845, Low = 120785, Close = 120845, TicksCount = 11381, Volume = 44317 }";Application.Range.Brick;"10/06/2024 15:11:04";Up;120795;120845;120785;120845;11381;44317
"Brick { Date = 10/06/2024 15:08:33, Type = Down, Open = 120845, High = 120890, Low = 120795, Close = 120795, TicksCount = 19727, Volume = 78318 }";Application.Range.Brick;"10/06/2024 15:08:33";Down;120845;120890;120795;120795;19727;78318
"Brick { Date = 10/06/2024 15:07:33, Type = Up, Open = 120795, High = 120845, Low = 120790, Close = 120845, TicksCount = 5204, Volume = 20701 }";Application.Range.Brick;"10/06/2024 15:07:33";Up;120795;120845;120790;120845;5204;20701
"Brick { Date = 10/06/2024 15:06:38, Type = Down, Open = 120845, High = 120850, Low = 120795, Close = 120795, TicksCount = 6986, Volume = 26465 }";Application.Range.Brick;"10/06/2024 15:06:38";Down;120845;120850;120795;120795;6986;26465
"Brick { Date = 10/06/2024 15:02:29, Type = Up, Open = 120795, High = 120845, Low = 120755, Close = 120845, TicksCount = 34609, Volume = 142675 }";Application.Range.Brick;"10/06/2024 15:02:29";Up;120795;120845;120755;120845;34609;142675
"Brick { Date = 10/06/2024 15:01:47, Type = Down, Open = 120845, High = 120855, Low = 120795, Close = 120795, TicksCount = 12278, Volume = 50008 }";Application.Range.Brick;"10/06/2024 15:01:47";Down;120845;120855;120795;120795;12278;50008
"Brick { Date = 10/06/2024 15:00:03, Type = Down, Open = 120895, High = 120940, Low = 120845, Close = 120845, TicksCount = 18627, Volume = 72447 }";Application.Range.Brick;"10/06/2024 15:00:03";Down;120895;120940;120845;120845;18627;72447
"Brick { Date = 10/06/2024 14:56:30, Type = Down, Open = 120945, High = 120965, Low = 120895, Close = 120895, TicksCount = 23096, Volume = 92983 }";Application.Range.Brick;"10/06/2024 14:56:30";Down;120945;120965;120895;120895;23096;92983
"Brick { Date = 10/06/2024 14:55:31, Type = Down, Open = 120995, High = 121000, Low = 120945, Close = 120945, TicksCount = 13489, Volume = 59688 }";Application.Range.Brick;"10/06/2024 14:55:31";Down;120995;121000;120945;120945;13489;59688
"Brick { Date = 10/06/2024 15:15:25, Type = Up, Open = 120795, High = 120845, Low = 120760, Close = 120845, TicksCount = 12571, Volume = 52564 }";Application.Range.Brick;"10/06/2024 15:15:25";Up;120795;120845;120760;120845;12571;52564
"Brick { Date = 10/06/2024 11:15:17, Type = Up, Open = 121195, High = 121245, Low = 121165, Close = 121245, TicksCount = 28375, Volume = 102978 }";Application.Range.Brick;"10/06/2024 11:15:17";Up;121195;121245;121165;121245;28375;102978
"Brick { Date = 10/06/2024 11:14:20, Type = Up, Open = 121145, High = 121195, Low = 121140, Close = 121195, TicksCount = 6342, Volume = 23031 }";Application.Range.Brick;"10/06/2024 11:14:20";Up;121145;121195;121140;121195;6342;23031
"Brick { Date = 10/06/2024 11:14:12, Type = Down, Open = 121195, High = 121195, Low = 121145, Close = 121145, TicksCount = 2209, Volume = 8401 }";Application.Range.Brick;"10/06/2024 11:14:12";Down;121195;121195;121145;121145;2209;8401
"Brick { Date = 10/06/2024 10:07:26, Type = Up, Open = 120595, High = 120645, Low = 120590, Close = 120645, TicksCount = 3465, Volume = 12584 }";Application.Range.Brick;"10/06/2024 10:07:26";Up;120595;120645;120590;120645;3465;12584
"Brick { Date = 10/06/2024 10:07:11, Type = Down, Open = 120645, High = 120655, Low = 120595, Close = 120595, TicksCount = 5810, Volume = 20783 }";Application.Range.Brick;"10/06/2024 10:07:11";Down;120645;120655;120595;120595;5810;20783
"Brick { Date = 10/06/2024 10:07:00, Type = Up, Open = 120595, High = 120645, Low = 120585, Close = 120645, TicksCount = 8581, Volume = 29846 }";Application.Range.Brick;"10/06/2024 10:07:00";Up;120595;120645;120585;120645;8581;29846
"Brick { Date = 10/06/2024 10:06:52, Type = Down, Open = 120645, High = 120660, Low = 120595, Close = 120595, TicksCount = 8964, Volume = 35785 }";Application.Range.Brick;"10/06/2024 10:06:52";Down;120645;120660;120595;120595;8964;35785
"Brick { Date = 10/06/2024 10:06:35, Type = Down, Open = 120695, High = 120715, Low = 120645, Close = 120645, TicksCount = 13029, Volume = 48026 }";Application.Range.Brick;"10/06/2024 10:06:35";Down;120695;120715;120645;120645;13029;48026
"Brick { Date = 10/06/2024 10:05:39, Type = Down, Open = 120745, High = 120775, Low = 120695, Close = 120695, TicksCount = 26326, Volume = 94386 }";Application.Range.Brick;"10/06/2024 10:05:39";Down;120745;120775;120695;120695;26326;94386
"Brick { Date = 10/06/2024 10:05:30, Type = Down, Open = 120795, High = 120805, Low = 120745, Close = 120745, TicksCount = 8843, Volume = 29116 }";Application.Range.Brick;"10/06/2024 10:05:30";Down;120795;120805;120745;120745;8843;29116
"Brick { Date = 10/06/2024 10:05:25, Type = Down, Open = 120845, High = 120850, Low = 120795, Close = 120795, TicksCount = 9594, Volume = 33555 }";Application.Range.Brick;"10/06/2024 10:05:25";Down;120845;120850;120795;120795;9594;33555
"Brick { Date = 10/06/2024 10:04:50, Type = Down, Open = 120895, High = 120915, Low = 120845, Close = 120845, TicksCount = 9499, Volume = 30987 }";Application.Range.Brick;"10/06/2024 10:04:50";Down;120895;120915;120845;120845;9499;30987
"Brick { Date = 10/06/2024 10:04:45, Type = Down, Open = 120945, High = 120945, Low = 120895, Close = 120895, TicksCount = 1729, Volume = 6159 }";Application.Range.Brick;"10/06/2024 10:04:45";Down;120945;120945;120895;120895;1729;6159
"Brick { Date = 10/06/2024 10:04:22, Type = Up, Open = 120895, High = 120945, Low = 120880, Close = 120945, TicksCount = 8453, Volume = 27717 }";Application.Range.Brick;"10/06/2024 10:04:22";Up;120895;120945;120880;120945;8453;27717
"Brick { Date = 10/06/2024 10:03:47, Type = Down, Open = 120945, High = 120965, Low = 120895, Close = 120895, TicksCount = 9738, Volume = 36348 }";Application.Range.Brick;"10/06/2024 10:03:47";Down;120945;120965;120895;120895;9738;36348
"Brick { Date = 10/06/2024 10:00:38, Type = Down, Open = 120995, High = 121040, Low = 120945, Close = 120945, TicksCount = 30895, Volume = 114783 }";Application.Range.Brick;"10/06/2024 10:00:38";Down;120995;121040;120945;120945;30895;114783
"Brick { Date = 10/06/2024 10:00:22, Type = Up, Open = 120945, High = 120995, Low = 120925, Close = 120995, TicksCount = 8737, Volume = 30778 }";Application.Range.Brick;"10/06/2024 10:00:22";Up;120945;120995;120925;120995;8737;30778
"Brick { Date = 10/06/2024 10:00:01, Type = Down, Open = 120995, High = 121000, Low = 120945, Close = 120945, TicksCount = 6342, Volume = 22652 }";Application.Range.Brick;"10/06/2024 10:00:01";Down;120995;121000;120945;120945;6342;22652
"Brick { Date = 10/06/2024 09:59:10, Type = Down, Open = 121045, High = 121065, Low = 120995, Close = 120995, TicksCount = 16737, Volume = 56911 }";Application.Range.Brick;"10/06/2024 09:59:10";Down;121045;121065;120995;120995;16737;56911
"Brick { Date = 10/06/2024 09:51:59, Type = Up, Open = 120995, High = 121045, Low = 120950, Close = 121045, TicksCount = 53602, Volume = 187334 }";Application.Range.Brick;"10/06/2024 09:51:59";Up;120995;121045;120950;121045;53602;187334
"Brick { Date = 10/06/2024 09:51:41, Type = Up, Open = 120945, High = 120995, Low = 120925, Close = 120995, TicksCount = 8005, Volume = 28481 }";Application.Range.Brick;"10/06/2024 09:51:41";Up;120945;120995;120925;120995;8005;28481
"Brick { Date = 10/06/2024 09:50:38, Type = Up, Open = 120895, High = 120945, Low = 120850, Close = 120945, TicksCount = 23832, Volume = 87247 }";Application.Range.Brick;"10/06/2024 09:50:38";Up;120895;120945;120850;120945;23832;87247
"Brick { Date = 10/06/2024 09:50:07, Type = Down, Open = 120945, High = 120950, Low = 120895, Close = 120895, TicksCount = 10141, Volume = 33930 }";Application.Range.Brick;"10/06/2024 09:50:07";Down;120945;120950;120895;120895;10141;33930
"Brick { Date = 10/06/2024 09:45:52, Type = Down, Open = 120995, High = 121035, Low = 120945, Close = 120945, TicksCount = 35638, Volume = 130791 }";Application.Range.Brick;"10/06/2024 09:45:52";Down;120995;121035;120945;120945;35638;130791
"Brick { Date = 10/06/2024 10:07:36, Type = Down, Open = 120645, High = 120675, Low = 120595, Close = 120595, TicksCount = 12810, Volume = 52001 }";Application.Range.Brick;"10/06/2024 10:07:36";Down;120645;120675;120595;120595;12810;52001
"Brick { Date = 10/06/2024 09:44:58, Type = Down, Open = 121045, High = 121050, Low = 120995, Close = 120995, TicksCount = 14387, Volume = 49539 }";Application.Range.Brick;"10/06/2024 09:44:58";Down;121045;121050;120995;120995;14387;49539
"Brick { Date = 10/06/2024 10:08:13, Type = Down, Open = 120595, High = 120625, Low = 120545, Close = 120545, TicksCount = 17105, Volume = 66834 }";Application.Range.Brick;"10/06/2024 10:08:13";Down;120595;120625;120545;120545;17105;66834
"Brick { Date = 10/06/2024 10:09:22, Type = Down, Open = 120595, High = 120605, Low = 120545, Close = 120545, TicksCount = 3784, Volume = 14475 }";Application.Range.Brick;"10/06/2024 10:09:22";Down;120595;120605;120545;120545;3784;14475
"Brick { Date = 10/06/2024 10:18:40, Type = Up, Open = 120745, High = 120795, Low = 120720, Close = 120795, TicksCount = 6066, Volume = 20682 }";Application.Range.Brick;"10/06/2024 10:18:40";Up;120745;120795;120720;120795;6066;20682
"Brick { Date = 10/06/2024 10:18:12, Type = Up, Open = 120695, High = 120745, Low = 120660, Close = 120745, TicksCount = 8413, Volume = 30001 }";Application.Range.Brick;"10/06/2024 10:18:12";Up;120695;120745;120660;120745;8413;30001
"Brick { Date = 10/06/2024 10:17:43, Type = Up, Open = 120645, High = 120695, Low = 120635, Close = 120695, TicksCount = 8789, Volume = 31522 }";Application.Range.Brick;"10/06/2024 10:17:43";Up;120645;120695;120635;120695;8789;31522
"Brick { Date = 10/06/2024 10:17:34, Type = Up, Open = 120595, High = 120645, Low = 120575, Close = 120645, TicksCount = 3150, Volume = 10659 }";Application.Range.Brick;"10/06/2024 10:17:34";Up;120595;120645;120575;120645;3150;10659
"Brick { Date = 10/06/2024 10:17:30, Type = Up, Open = 120545, High = 120595, Low = 120545, Close = 120595, TicksCount = 1391, Volume = 5378 }";Application.Range.Brick;"10/06/2024 10:17:30";Up;120545;120595;120545;120595;1391;5378
"Brick { Date = 10/06/2024 10:16:51, Type = Down, Open = 120595, High = 120615, Low = 120545, Close = 120545, TicksCount = 9679, Volume = 34529 }";Application.Range.Brick;"10/06/2024 10:16:51";Down;120595;120615;120545;120545;9679;34529
"Brick { Date = 10/06/2024 10:16:44, Type = Up, Open = 120545, High = 120595, Low = 120545, Close = 120595, TicksCount = 3328, Volume = 12545 }";Application.Range.Brick;"10/06/2024 10:16:44";Up;120545;120595;120545;120595;3328;12545
"Brick { Date = 10/06/2024 10:16:34, Type = Down, Open = 120595, High = 120605, Low = 120545, Close = 120545, TicksCount = 6360, Volume = 23557 }";Application.Range.Brick;"10/06/2024 10:16:34";Down;120595;120605;120545;120545;6360;23557
"Brick { Date = 10/06/2024 10:16:15, Type = Down, Open = 120645, High = 120675, Low = 120595, Close = 120595, TicksCount = 7096, Volume = 25089 }";Application.Range.Brick;"10/06/2024 10:16:15";Down;120645;120675;120595;120595;7096;25089
"Brick { Date = 10/06/2024 10:15:33, Type = Down, Open = 120695, High = 120725, Low = 120645, Close = 120645, TicksCount = 14798, Volume = 52095 }";Application.Range.Brick;"10/06/2024 10:15:33";Down;120695;120725;120645;120645;14798;52095
"Brick { Date = 10/06/2024 10:15:23, Type = Up, Open = 120645, High = 120695, Low = 120640, Close = 120695, TicksCount = 5975, Volume = 22794 }";Application.Range.Brick;"10/06/2024 10:15:23";Up;120645;120695;120640;120695;5975;22794
"Brick { Date = 10/06/2024 10:15:01, Type = Up, Open = 120595, High = 120645, Low = 120575, Close = 120645, TicksCount = 8992, Volume = 33497 }";Application.Range.Brick;"10/06/2024 10:15:01";Up;120595;120645;120575;120645;8992;33497
"Brick { Date = 10/06/2024 10:14:42, Type = Up, Open = 120545, High = 120595, Low = 120520, Close = 120595, TicksCount = 13789, Volume = 56294 }";Application.Range.Brick;"10/06/2024 10:14:42";Up;120545;120595;120520;120595;13789;56294
"Brick { Date = 10/06/2024 10:14:38, Type = Down, Open = 120595, High = 120610, Low = 120545, Close = 120545, TicksCount = 5847, Volume = 19192 }";Application.Range.Brick;"10/06/2024 10:14:38";Down;120595;120610;120545;120545;5847;19192
"Brick { Date = 10/06/2024 10:14:00, Type = Down, Open = 120645, High = 120690, Low = 120595, Close = 120595, TicksCount = 16773, Volume = 59479 }";Application.Range.Brick;"10/06/2024 10:14:00";Down;120645;120690;120595;120595;16773;59479
"Brick { Date = 10/06/2024 10:13:51, Type = Down, Open = 120695, High = 120720, Low = 120645, Close = 120645, TicksCount = 4655, Volume = 18142 }";Application.Range.Brick;"10/06/2024 10:13:51";Down;120695;120720;120645;120645;4655;18142
"Brick { Date = 10/06/2024 10:13:22, Type = Down, Open = 120745, High = 120750, Low = 120695, Close = 120695, TicksCount = 7010, Volume = 25127 }";Application.Range.Brick;"10/06/2024 10:13:22";Down;120745;120750;120695;120695;7010;25127
"Brick { Date = 10/06/2024 10:12:09, Type = Up, Open = 120695, High = 120745, Low = 120660, Close = 120745, TicksCount = 16125, Volume = 57249 }";Application.Range.Brick;"10/06/2024 10:12:09";Up;120695;120745;120660;120745;16125;57249
"Brick { Date = 10/06/2024 10:10:52, Type = Up, Open = 120645, High = 120695, Low = 120615, Close = 120695, TicksCount = 24577, Volume = 92033 }";Application.Range.Brick;"10/06/2024 10:10:52";Up;120645;120695;120615;120695;24577;92033
"Brick { Date = 10/06/2024 10:10:15, Type = Up, Open = 120595, High = 120645, Low = 120560, Close = 120645, TicksCount = 11168, Volume = 38922 }";Application.Range.Brick;"10/06/2024 10:10:15";Up;120595;120645;120560;120645;11168;38922
"Brick { Date = 10/06/2024 10:09:33, Type = Up, Open = 120545, High = 120595, Low = 120515, Close = 120595, TicksCount = 13620, Volume = 51010 }";Application.Range.Brick;"10/06/2024 10:09:33";Up;120545;120595;120515;120595;13620;51010
"Brick { Date = 10/06/2024 10:09:05, Type = Up, Open = 120545, High = 120595, Low = 120535, Close = 120595, TicksCount = 6517, Volume = 24380 }";Application.Range.Brick;"10/06/2024 10:09:05";Up;120545;120595;120535;120595;6517;24380
"Brick { Date = 10/06/2024 09:37:00, Type = Down, Open = 121095, High = 121130, Low = 121045, Close = 121045, TicksCount = 49228, Volume = 167784 }";Application.Range.Brick;"10/06/2024 09:37:00";Down;121095;121130;121045;121045;49228;167784
"Brick { Date = 10/06/2024 09:34:26, Type = Down, Open = 121145, High = 121185, Low = 121095, Close = 121095, TicksCount = 22687, Volume = 76149 }";Application.Range.Brick;"10/06/2024 09:34:26";Down;121145;121185;121095;121095;22687;76149
"Brick { Date = 10/06/2024 09:33:20, Type = Up, Open = 121095, High = 121145, Low = 121090, Close = 121145, TicksCount = 10823, Volume = 36640 }";Application.Range.Brick;"10/06/2024 09:33:20";Up;121095;121145;121090;121145;10823;36640
"Brick { Date = 10/06/2024 09:03:21, Type = Down, Open = 121345, High = 121385, Low = 121295, Close = 121295, TicksCount = 7935, Volume = 23573 }";Application.Range.Brick;"10/06/2024 09:03:21";Down;121345;121385;121295;121295;7935;23573
"Brick { Date = 10/06/2024 09:03:06, Type = Up, Open = 121295, High = 121345, Low = 121285, Close = 121345, TicksCount = 6732, Volume = 20338 }";Application.Range.Brick;"10/06/2024 09:03:06";Up;121295;121345;121285;121345;6732;20338
"Brick { Date = 10/06/2024 09:02:43, Type = Up, Open = 121245, High = 121295, Low = 121205, Close = 121295, TicksCount = 6939, Volume = 19025 }";Application.Range.Brick;"10/06/2024 09:02:43";Up;121245;121295;121205;121295;6939;19025
"Brick { Date = 10/06/2024 09:02:36, Type = Up, Open = 121195, High = 121245, Low = 121160, Close = 121245, TicksCount = 5167, Volume = 18161 }";Application.Range.Brick;"10/06/2024 09:02:36";Up;121195;121245;121160;121245;5167;18161
"Brick { Date = 10/06/2024 09:02:35, Type = Down, Open = 121245, High = 121255, Low = 121195, Close = 121195, TicksCount = 1978, Volume = 5478 }";Application.Range.Brick;"10/06/2024 09:02:35";Down;121245;121255;121195;121195;1978;5478
"Brick { Date = 10/06/2024 09:02:24, Type = Down, Open = 121295, High = 121325, Low = 121245, Close = 121245, TicksCount = 4787, Volume = 19113 }";Application.Range.Brick;"10/06/2024 09:02:24";Down;121295;121325;121245;121245;4787;19113
"Brick { Date = 10/06/2024 09:02:19, Type = Down, Open = 121345, High = 121350, Low = 121295, Close = 121295, TicksCount = 2518, Volume = 8639 }";Application.Range.Brick;"10/06/2024 09:02:19";Down;121345;121350;121295;121295;2518;8639
"Brick { Date = 10/06/2024 09:01:59, Type = Up, Open = 121295, High = 121345, Low = 121275, Close = 121345, TicksCount = 10738, Volume = 31984 }";Application.Range.Brick;"10/06/2024 09:01:59";Up;121295;121345;121275;121345;10738;31984
"Brick { Date = 10/06/2024 09:01:58, Type = Up, Open = 121245, High = 121295, Low = 121230, Close = 121295, TicksCount = 1490, Volume = 4354 }";Application.Range.Brick;"10/06/2024 09:01:58";Up;121245;121295;121230;121295;1490;4354
"Brick { Date = 10/06/2024 09:01:53, Type = Up, Open = 121195, High = 121245, Low = 121165, Close = 121245, TicksCount = 3770, Volume = 12935 }";Application.Range.Brick;"10/06/2024 09:01:53";Up;121195;121245;121165;121245;3770;12935
"Brick { Date = 10/06/2024 09:01:21, Type = Up, Open = 121145, High = 121195, Low = 121110, Close = 121195, TicksCount = 19120, Volume = 60904 }";Application.Range.Brick;"10/06/2024 09:01:21";Up;121145;121195;121110;121195;19120;60904
"Brick { Date = 10/06/2024 09:01:20, Type = Up, Open = 121095, High = 121145, Low = 121090, Close = 121145, TicksCount = 1255, Volume = 3986 }";Application.Range.Brick;"10/06/2024 09:01:20";Up;121095;121145;121090;121145;1255;3986
"Brick { Date = 10/06/2024 09:01:15, Type = Up, Open = 121045, High = 121095, Low = 121015, Close = 121095, TicksCount = 5847, Volume = 18863 }";Application.Range.Brick;"10/06/2024 09:01:15";Up;121045;121095;121015;121095;5847;18863
"Brick { Date = 10/06/2024 09:01:14, Type = Up, Open = 120995, High = 121045, Low = 120980, Close = 121045, TicksCount = 2371, Volume = 7975 }";Application.Range.Brick;"10/06/2024 09:01:14";Up;120995;121045;120980;121045;2371;7975
"Brick { Date = 10/06/2024 09:01:11, Type = Up, Open = 120945, High = 120995, Low = 120935, Close = 120995, TicksCount = 3878, Volume = 12275 }";Application.Range.Brick;"10/06/2024 09:01:11";Up;120945;120995;120935;120995;3878;12275
"Brick { Date = 10/06/2024 09:01:06, Type = Up, Open = 120895, High = 120945, Low = 120870, Close = 120945, TicksCount = 5284, Volume = 16161 }";Application.Range.Brick;"10/06/2024 09:01:06";Up;120895;120945;120870;120945;5284;16161
"Brick { Date = 10/06/2024 09:01:04, Type = Up, Open = 120845, High = 120895, Low = 120810, Close = 120895, TicksCount = 2079, Volume = 7530 }";Application.Range.Brick;"10/06/2024 09:01:04";Up;120845;120895;120810;120895;2079;7530
"Brick { Date = 10/06/2024 09:01:02, Type = Down, Open = 120895, High = 120925, Low = 120845, Close = 120845, TicksCount = 3991, Volume = 13058 }";Application.Range.Brick;"10/06/2024 09:01:02";Down;120895;120925;120845;120845;3991;13058
"Brick { Date = 10/06/2024 09:01:00, Type = Up, Open = 120845, High = 120895, Low = 120835, Close = 120895, TicksCount = 1435, Volume = 4743 }";Application.Range.Brick;"10/06/2024 09:01:00";Up;120845;120895;120835;120895;1435;4743
"Brick { Date = 10/06/2024 09:01:00, Type = Up, Open = 120795, High = 120845, Low = 120780, Close = 120845, TicksCount = 1069, Volume = 4238 }";Application.Range.Brick;"10/06/2024 09:01:00";Up;120795;120845;120780;120845;1069;4238
"Brick { Date = 10/06/2024 09:00:59, Type = Up, Open = 120745, High = 120795, Low = 120715, Close = 120795, TicksCount = 533, Volume = 1730 }";Application.Range.Brick;"10/06/2024 09:00:59";Up;120745;120795;120715;120795;533;1730
"Brick { Date = 10/06/2024 09:03:40, Type = Up, Open = 121295, High = 121345, Low = 121290, Close = 121345, TicksCount = 2346, Volume = 8133 }";Application.Range.Brick;"10/06/2024 09:03:40";Up;121295;121345;121290;121345;2346;8133
"Brick { Date = 10/06/2024 09:03:48, Type = Down, Open = 121345, High = 121350, Low = 121295, Close = 121295, TicksCount = 1402, Volume = 4276 }";Application.Range.Brick;"10/06/2024 09:03:48";Down;121345;121350;121295;121295;1402;4276
"Brick { Date = 10/06/2024 09:03:56, Type = Down, Open = 121295, High = 121330, Low = 121245, Close = 121245, TicksCount = 24663, Volume = 78735 }";Application.Range.Brick;"10/06/2024 09:03:56";Down;121295;121330;121245;121245;24663;78735
"Brick { Date = 10/06/2024 09:06:25, Type = Up, Open = 121245, High = 121295, Low = 121200, Close = 121295, TicksCount = 18756, Volume = 64441 }";Application.Range.Brick;"10/06/2024 09:06:25";Up;121245;121295;121200;121295;18756;64441
"Brick { Date = 10/06/2024 09:33:03, Type = Up, Open = 121045, High = 121095, Low = 121045, Close = 121095, TicksCount = 5568, Volume = 20438 }";Application.Range.Brick;"10/06/2024 09:33:03";Up;121045;121095;121045;121095;5568;20438
"Brick { Date = 10/06/2024 09:32:52, Type = Down, Open = 121095, High = 121105, Low = 121045, Close = 121045, TicksCount = 7506, Volume = 24671 }";Application.Range.Brick;"10/06/2024 09:32:52";Down;121095;121105;121045;121045;7506;24671
"Brick { Date = 10/06/2024 09:30:02, Type = Down, Open = 121145, High = 121160, Low = 121095, Close = 121095, TicksCount = 30173, Volume = 102470 }";Application.Range.Brick;"10/06/2024 09:30:02";Down;121145;121160;121095;121095;30173;102470
"Brick { Date = 10/06/2024 09:27:14, Type = Down, Open = 121195, High = 121220, Low = 121145, Close = 121145, TicksCount = 16867, Volume = 54639 }";Application.Range.Brick;"10/06/2024 09:27:14";Down;121195;121220;121145;121145;16867;54639
"Brick { Date = 10/06/2024 09:26:23, Type = Down, Open = 121245, High = 121255, Low = 121195, Close = 121195, TicksCount = 7247, Volume = 22600 }";Application.Range.Brick;"10/06/2024 09:26:23";Down;121245;121255;121195;121195;7247;22600
"Brick { Date = 10/06/2024 09:23:56, Type = Up, Open = 121195, High = 121245, Low = 121150, Close = 121245, TicksCount = 28297, Volume = 92112 }";Application.Range.Brick;"10/06/2024 09:23:56";Up;121195;121245;121150;121245;28297;92112
"Brick { Date = 10/06/2024 09:22:41, Type = Down, Open = 121245, High = 121265, Low = 121195, Close = 121195, TicksCount = 10799, Volume = 33222 }";Application.Range.Brick;"10/06/2024 09:22:41";Down;121245;121265;121195;121195;10799;33222
"Brick { Date = 10/06/2024 09:20:44, Type = Down, Open = 121295, High = 121330, Low = 121245, Close = 121245, TicksCount = 25764, Volume = 82879 }";Application.Range.Brick;"10/06/2024 09:20:44";Down;121295;121330;121245;121245;25764;82879
"Brick { Date = 10/06/2024 09:20:15, Type = Up, Open = 121245, High = 121295, Low = 121235, Close = 121295, TicksCount = 6706, Volume = 21618 }";Application.Range.Brick;"10/06/2024 09:20:15";Up;121245;121295;121235;121295;6706;21618
"Brick { Date = 10/06/2024 09:19:57, Type = Up, Open = 121195, High = 121245, Low = 121185, Close = 121245, TicksCount = 2967, Volume = 8785 }";Application.Range.Brick;"10/06/2024 09:19:57";Up;121195;121245;121185;121245;2967;8785
"Brick { Date = 10/06/2024 10:18:42, Type = Down, Open = 120795, High = 120805, Low = 120745, Close = 120745, TicksCount = 15071, Volume = 57533 }";Application.Range.Brick;"10/06/2024 10:18:42";Down;120795;120805;120745;120745;15071;57533
"Brick { Date = 10/06/2024 09:18:42, Type = Down, Open = 121245, High = 121245, Low = 121195, Close = 121195, TicksCount = 5962, Volume = 17659 }";Application.Range.Brick;"10/06/2024 09:18:42";Down;121245;121245;121195;121195;5962;17659
"Brick { Date = 10/06/2024 09:15:08, Type = Down, Open = 121245, High = 121290, Low = 121195, Close = 121195, TicksCount = 18649, Volume = 60553 }";Application.Range.Brick;"10/06/2024 09:15:08";Down;121245;121290;121195;121195;18649;60553
"Brick { Date = 10/06/2024 09:14:35, Type = Up, Open = 121195, High = 121245, Low = 121195, Close = 121245, TicksCount = 6765, Volume = 21056 }";Application.Range.Brick;"10/06/2024 09:14:35";Up;121195;121245;121195;121245;6765;21056
"Brick { Date = 10/06/2024 09:13:59, Type = Down, Open = 121245, High = 121255, Low = 121195, Close = 121195, TicksCount = 8966, Volume = 29595 }";Application.Range.Brick;"10/06/2024 09:13:59";Down;121245;121255;121195;121195;8966;29595
"Brick { Date = 10/06/2024 09:10:33, Type = Down, Open = 121295, High = 121330, Low = 121245, Close = 121245, TicksCount = 23265, Volume = 82363 }";Application.Range.Brick;"10/06/2024 09:10:33";Down;121295;121330;121245;121245;23265;82363
"Brick { Date = 10/06/2024 09:10:26, Type = Up, Open = 121245, High = 121295, Low = 121245, Close = 121295, TicksCount = 1972, Volume = 6222 }";Application.Range.Brick;"10/06/2024 09:10:26";Up;121245;121295;121245;121295;1972;6222
"Brick { Date = 10/06/2024 09:09:40, Type = Down, Open = 121295, High = 121315, Low = 121245, Close = 121245, TicksCount = 10836, Volume = 36384 }";Application.Range.Brick;"10/06/2024 09:09:40";Down;121295;121315;121245;121245;10836;36384
"Brick { Date = 10/06/2024 09:08:50, Type = Down, Open = 121345, High = 121370, Low = 121295, Close = 121295, TicksCount = 8711, Volume = 25893 }";Application.Range.Brick;"10/06/2024 09:08:50";Down;121345;121370;121295;121295;8711;25893
"Brick { Date = 10/06/2024 09:08:44, Type = Down, Open = 121395, High = 121395, Low = 121345, Close = 121345, TicksCount = 2328, Volume = 7210 }";Application.Range.Brick;"10/06/2024 09:08:44";Down;121395;121395;121345;121345;2328;7210
"Brick { Date = 10/06/2024 09:08:19, Type = Up, Open = 121345, High = 121395, Low = 121315, Close = 121395, TicksCount = 9148, Volume = 28518 }";Application.Range.Brick;"10/06/2024 09:08:19";Up;121345;121395;121315;121395;9148;28518
"Brick { Date = 10/06/2024 09:08:10, Type = Up, Open = 121295, High = 121345, Low = 121290, Close = 121345, TicksCount = 4975, Volume = 15910 }";Application.Range.Brick;"10/06/2024 09:08:10";Up;121295;121345;121290;121345;4975;15910
"Brick { Date = 10/06/2024 09:16:44, Type = Up, Open = 121195, High = 121245, Low = 121165, Close = 121245, TicksCount = 21134, Volume = 64838 }";Application.Range.Brick;"10/06/2024 09:16:44";Up;121195;121245;121165;121245;21134;64838
"Brick { Date = 10/06/2024 10:19:21, Type = Down, Open = 120745, High = 120750, Low = 120695, Close = 120695, TicksCount = 4645, Volume = 16815 }";Application.Range.Brick;"10/06/2024 10:19:21";Down;120745;120750;120695;120695;4645;16815
"Brick { Date = 10/06/2024 10:19:30, Type = Up, Open = 120695, High = 120745, Low = 120695, Close = 120745, TicksCount = 2649, Volume = 9050 }";Application.Range.Brick;"10/06/2024 10:19:30";Up;120695;120745;120695;120745;2649;9050
"Brick { Date = 10/06/2024 10:19:42, Type = Down, Open = 120745, High = 120765, Low = 120695, Close = 120695, TicksCount = 16420, Volume = 58003 }";Application.Range.Brick;"10/06/2024 10:19:42";Down;120745;120765;120695;120695;16420;58003
"Brick { Date = 10/06/2024 10:54:15, Type = Down, Open = 121245, High = 121285, Low = 121195, Close = 121195, TicksCount = 14524, Volume = 53175 }";Application.Range.Brick;"10/06/2024 10:54:15";Down;121245;121285;121195;121195;14524;53175
"Brick { Date = 10/06/2024 10:53:55, Type = Up, Open = 121195, High = 121245, Low = 121180, Close = 121245, TicksCount = 6566, Volume = 23382 }";Application.Range.Brick;"10/06/2024 10:53:55";Up;121195;121245;121180;121245;6566;23382
"Brick { Date = 10/06/2024 10:52:22, Type = Up, Open = 121145, High = 121195, Low = 121110, Close = 121195, TicksCount = 14270, Volume = 54639 }";Application.Range.Brick;"10/06/2024 10:52:22";Up;121145;121195;121110;121195;14270;54639
"Brick { Date = 10/06/2024 10:52:18, Type = Down, Open = 121195, High = 121200, Low = 121145, Close = 121145, TicksCount = 1143, Volume = 3831 }";Application.Range.Brick;"10/06/2024 10:52:18";Down;121195;121200;121145;121145;1143;3831
"Brick { Date = 10/06/2024 10:52:01, Type = Up, Open = 121145, High = 121195, Low = 121120, Close = 121195, TicksCount = 5277, Volume = 18204 }";Application.Range.Brick;"10/06/2024 10:52:01";Up;121145;121195;121120;121195;5277;18204
"Brick { Date = 10/06/2024 10:51:41, Type = Down, Open = 121195, High = 121200, Low = 121145, Close = 121145, TicksCount = 2907, Volume = 9326 }";Application.Range.Brick;"10/06/2024 10:51:41";Down;121195;121200;121145;121145;2907;9326
"Brick { Date = 10/06/2024 10:51:17, Type = Up, Open = 121145, High = 121195, Low = 121140, Close = 121195, TicksCount = 4308, Volume = 14233 }";Application.Range.Brick;"10/06/2024 10:51:17";Up;121145;121195;121140;121195;4308;14233
"Brick { Date = 10/06/2024 10:51:00, Type = Down, Open = 121195, High = 121200, Low = 121145, Close = 121145, TicksCount = 6814, Volume = 28446 }";Application.Range.Brick;"10/06/2024 10:51:00";Down;121195;121200;121145;121145;6814;28446
"Brick { Date = 10/06/2024 10:50:53, Type = Down, Open = 121245, High = 121255, Low = 121195, Close = 121195, TicksCount = 2023, Volume = 8747 }";Application.Range.Brick;"10/06/2024 10:50:53";Down;121245;121255;121195;121195;2023;8747
"Brick { Date = 10/06/2024 10:50:52, Type = Up, Open = 121195, High = 121245, Low = 121190, Close = 121245, TicksCount = 1954, Volume = 10257 }";Application.Range.Brick;"10/06/2024 10:50:52";Up;121195;121245;121190;121245;1954;10257
"Brick { Date = 10/06/2024 10:50:33, Type = Down, Open = 121245, High = 121250, Low = 121195, Close = 121195, TicksCount = 7980, Volume = 28695 }";Application.Range.Brick;"10/06/2024 10:50:33";Down;121245;121250;121195;121195;7980;28695
"Brick { Date = 10/06/2024 10:49:44, Type = Down, Open = 121295, High = 121335, Low = 121245, Close = 121245, TicksCount = 16648, Volume = 65380 }";Application.Range.Brick;"10/06/2024 10:49:44";Down;121295;121335;121245;121245;16648;65380
"Brick { Date = 10/06/2024 10:48:24, Type = Up, Open = 121245, High = 121295, Low = 121210, Close = 121295, TicksCount = 24913, Volume = 85599 }";Application.Range.Brick;"10/06/2024 10:48:24";Up;121245;121295;121210;121295;24913;85599
"Brick { Date = 10/06/2024 10:48:21, Type = Up, Open = 121195, High = 121245, Low = 121190, Close = 121245, TicksCount = 6437, Volume = 23082 }";Application.Range.Brick;"10/06/2024 10:48:21";Up;121195;121245;121190;121245;6437;23082
"Brick { Date = 10/06/2024 10:47:40, Type = Up, Open = 121145, High = 121195, Low = 121110, Close = 121195, TicksCount = 8546, Volume = 30686 }";Application.Range.Brick;"10/06/2024 10:47:40";Up;121145;121195;121110;121195;8546;30686
"Brick { Date = 10/06/2024 10:46:53, Type = Up, Open = 121095, High = 121145, Low = 121075, Close = 121145, TicksCount = 10117, Volume = 35331 }";Application.Range.Brick;"10/06/2024 10:46:53";Up;121095;121145;121075;121145;10117;35331
"Brick { Date = 10/06/2024 10:46:41, Type = Down, Open = 121145, High = 121150, Low = 121095, Close = 121095, TicksCount = 5702, Volume = 19616 }";Application.Range.Brick;"10/06/2024 10:46:41";Down;121145;121150;121095;121095;5702;19616
"Brick { Date = 10/06/2024 10:46:27, Type = Down, Open = 121195, High = 121195, Low = 121145, Close = 121145, TicksCount = 2293, Volume = 8052 }";Application.Range.Brick;"10/06/2024 10:46:27";Down;121195;121195;121145;121145;2293;8052
"Brick { Date = 10/06/2024 10:45:29, Type = Up, Open = 121145, High = 121195, Low = 121135, Close = 121195, TicksCount = 9661, Volume = 35746 }";Application.Range.Brick;"10/06/2024 10:45:29";Up;121145;121195;121135;121195;9661;35746
"Brick { Date = 10/06/2024 10:45:12, Type = Down, Open = 121195, High = 121210, Low = 121145, Close = 121145, TicksCount = 6909, Volume = 26079 }";Application.Range.Brick;"10/06/2024 10:45:12";Down;121195;121210;121145;121145;6909;26079
"Brick { Date = 10/06/2024 10:44:21, Type = Up, Open = 121145, High = 121195, Low = 121100, Close = 121195, TicksCount = 18387, Volume = 72538 }";Application.Range.Brick;"10/06/2024 10:44:21";Up;121145;121195;121100;121195;18387;72538
"Brick { Date = 10/06/2024 10:55:09, Type = Down, Open = 121195, High = 121230, Low = 121145, Close = 121145, TicksCount = 8476, Volume = 31755 }";Application.Range.Brick;"10/06/2024 10:55:09";Down;121195;121230;121145;121145;8476;31755
"Brick { Date = 10/06/2024 10:55:41, Type = Down, Open = 121145, High = 121155, Low = 121095, Close = 121095, TicksCount = 8896, Volume = 33565 }";Application.Range.Brick;"10/06/2024 10:55:41";Down;121145;121155;121095;121095;8896;33565
"Brick { Date = 10/06/2024 10:56:10, Type = Up, Open = 121095, High = 121145, Low = 121085, Close = 121145, TicksCount = 8051, Volume = 27208 }";Application.Range.Brick;"10/06/2024 10:56:10";Up;121095;121145;121085;121145;8051;27208
"Brick { Date = 10/06/2024 10:56:43, Type = Down, Open = 121145, High = 121175, Low = 121095, Close = 121095, TicksCount = 5394, Volume = 19295 }";Application.Range.Brick;"10/06/2024 10:56:43";Down;121145;121175;121095;121095;5394;19295
"Brick { Date = 10/06/2024 11:13:23, Type = Up, Open = 121145, High = 121195, Low = 121115, Close = 121195, TicksCount = 8811, Volume = 30840 }";Application.Range.Brick;"10/06/2024 11:13:23";Up;121145;121195;121115;121195;8811;30840
"Brick { Date = 10/06/2024 11:12:33, Type = Up, Open = 121095, High = 121145, Low = 121085, Close = 121145, TicksCount = 4408, Volume = 17350 }";Application.Range.Brick;"10/06/2024 11:12:33";Up;121095;121145;121085;121145;4408;17350
"Brick { Date = 10/06/2024 11:12:19, Type = Down, Open = 121145, High = 121150, Low = 121095, Close = 121095, TicksCount = 2358, Volume = 8826 }";Application.Range.Brick;"10/06/2024 11:12:19";Down;121145;121150;121095;121095;2358;8826
"Brick { Date = 10/06/2024 11:09:53, Type = Up, Open = 121095, High = 121145, Low = 121055, Close = 121145, TicksCount = 18997, Volume = 70263 }";Application.Range.Brick;"10/06/2024 11:09:53";Up;121095;121145;121055;121145;18997;70263
"Brick { Date = 10/06/2024 11:09:34, Type = Up, Open = 121045, High = 121095, Low = 121040, Close = 121095, TicksCount = 4658, Volume = 17929 }";Application.Range.Brick;"10/06/2024 11:09:34";Up;121045;121095;121040;121095;4658;17929
"Brick { Date = 10/06/2024 11:09:14, Type = Up, Open = 120995, High = 121045, Low = 120995, Close = 121045, TicksCount = 4918, Volume = 17103 }";Application.Range.Brick;"10/06/2024 11:09:14";Up;120995;121045;120995;121045;4918;17103
"Brick { Date = 10/06/2024 11:09:04, Type = Down, Open = 121045, High = 121050, Low = 120995, Close = 120995, TicksCount = 7847, Volume = 28347 }";Application.Range.Brick;"10/06/2024 11:09:04";Down;121045;121050;120995;120995;7847;28347
"Brick { Date = 10/06/2024 11:07:08, Type = Down, Open = 121095, High = 121125, Low = 121045, Close = 121045, TicksCount = 13541, Volume = 52983 }";Application.Range.Brick;"10/06/2024 11:07:08";Down;121095;121125;121045;121045;13541;52983
"Brick { Date = 10/06/2024 11:05:13, Type = Down, Open = 121145, High = 121170, Low = 121095, Close = 121095, TicksCount = 16933, Volume = 63906 }";Application.Range.Brick;"10/06/2024 11:05:13";Down;121145;121170;121095;121095;16933;63906
"Brick { Date = 10/06/2024 11:04:00, Type = Up, Open = 121095, High = 121145, Low = 121050, Close = 121145, TicksCount = 12026, Volume = 45280 }";Application.Range.Brick;"10/06/2024 11:04:00";Up;121095;121145;121050;121145;12026;45280
"Brick { Date = 10/06/2024 10:44:13, Type = Up, Open = 121095, High = 121145, Low = 121085, Close = 121145, TicksCount = 6568, Volume = 25654 }";Application.Range.Brick;"10/06/2024 10:44:13";Up;121095;121145;121085;121145;6568;25654
"Brick { Date = 10/06/2024 11:03:42, Type = Up, Open = 121045, High = 121095, Low = 121035, Close = 121095, TicksCount = 8164, Volume = 28477 }";Application.Range.Brick;"10/06/2024 11:03:42";Up;121045;121095;121035;121095;8164;28477
"Brick { Date = 10/06/2024 11:02:49, Type = Down, Open = 121145, High = 121170, Low = 121095, Close = 121095, TicksCount = 5973, Volume = 21551 }";Application.Range.Brick;"10/06/2024 11:02:49";Down;121145;121170;121095;121095;5973;21551
"Brick { Date = 10/06/2024 11:02:36, Type = Up, Open = 121095, High = 121145, Low = 121090, Close = 121145, TicksCount = 2734, Volume = 10010 }";Application.Range.Brick;"10/06/2024 11:02:36";Up;121095;121145;121090;121145;2734;10010
"Brick { Date = 10/06/2024 11:02:12, Type = Down, Open = 121145, High = 121155, Low = 121095, Close = 121095, TicksCount = 5165, Volume = 19698 }";Application.Range.Brick;"10/06/2024 11:02:12";Down;121145;121155;121095;121095;5165;19698
"Brick { Date = 10/06/2024 11:01:52, Type = Down, Open = 121195, High = 121210, Low = 121145, Close = 121145, TicksCount = 6816, Volume = 24846 }";Application.Range.Brick;"10/06/2024 11:01:52";Down;121195;121210;121145;121145;6816;24846
"Brick { Date = 10/06/2024 11:00:56, Type = Up, Open = 121145, High = 121195, Low = 121115, Close = 121195, TicksCount = 11155, Volume = 42703 }";Application.Range.Brick;"10/06/2024 11:00:56";Up;121145;121195;121115;121195;11155;42703
"Brick { Date = 10/06/2024 10:59:55, Type = Up, Open = 121095, High = 121145, Low = 121065, Close = 121145, TicksCount = 13042, Volume = 48446 }";Application.Range.Brick;"10/06/2024 10:59:55";Up;121095;121145;121065;121145;13042;48446
"Brick { Date = 10/06/2024 10:59:52, Type = Up, Open = 121045, High = 121095, Low = 121045, Close = 121095, TicksCount = 1660, Volume = 5591 }";Application.Range.Brick;"10/06/2024 10:59:52";Up;121045;121095;121045;121095;1660;5591
"Brick { Date = 10/06/2024 10:59:09, Type = Down, Open = 121095, High = 121115, Low = 121045, Close = 121045, TicksCount = 12630, Volume = 43718 }";Application.Range.Brick;"10/06/2024 10:59:09";Down;121095;121115;121045;121045;12630;43718
"Brick { Date = 10/06/2024 10:57:18, Type = Down, Open = 121145, High = 121190, Low = 121095, Close = 121095, TicksCount = 14521, Volume = 51884 }";Application.Range.Brick;"10/06/2024 10:57:18";Down;121145;121190;121095;121095;14521;51884
"Brick { Date = 10/06/2024 10:57:03, Type = Up, Open = 121095, High = 121145, Low = 121090, Close = 121145, TicksCount = 2297, Volume = 7826 }";Application.Range.Brick;"10/06/2024 10:57:03";Up;121095;121145;121090;121145;2297;7826
"Brick { Date = 10/06/2024 11:03:30, Type = Down, Open = 121095, High = 121100, Low = 121045, Close = 121045, TicksCount = 5199, Volume = 19117 }";Application.Range.Brick;"10/06/2024 11:03:30";Down;121095;121100;121045;121045;5199;19117
"Brick { Date = 10/06/2024 17:46:58, Type = Down, Open = 120995, High = 120995, Low = 120945, Close = 120945, TicksCount = 4245, Volume = 16196 }";Application.Range.Brick;"10/06/2024 17:46:58";Down;120995;120995;120945;120945;4245;16196
"Brick { Date = 10/06/2024 10:43:38, Type = Up, Open = 121045, High = 121095, Low = 121020, Close = 121095, TicksCount = 8833, Volume = 32582 }";Application.Range.Brick;"10/06/2024 10:43:38";Up;121045;121095;121020;121095;8833;32582
"Brick { Date = 10/06/2024 10:41:56, Type = Up, Open = 120945, High = 120995, Low = 120905, Close = 120995, TicksCount = 18726, Volume = 66202 }";Application.Range.Brick;"10/06/2024 10:41:56";Up;120945;120995;120905;120995;18726;66202
"Brick { Date = 10/06/2024 10:31:01, Type = Down, Open = 120795, High = 120800, Low = 120745, Close = 120745, TicksCount = 3601, Volume = 12757 }";Application.Range.Brick;"10/06/2024 10:31:01";Down;120795;120800;120745;120745;3601;12757
"Brick { Date = 10/06/2024 10:30:53, Type = Down, Open = 120845, High = 120845, Low = 120795, Close = 120795, TicksCount = 2958, Volume = 11094 }";Application.Range.Brick;"10/06/2024 10:30:53";Down;120845;120845;120795;120795;2958;11094
"Brick { Date = 10/06/2024 10:30:42, Type = Up, Open = 120795, High = 120845, Low = 120775, Close = 120845, TicksCount = 3365, Volume = 12027 }";Application.Range.Brick;"10/06/2024 10:30:42";Up;120795;120845;120775;120845;3365;12027
"Brick { Date = 10/06/2024 10:30:36, Type = Up, Open = 120745, High = 120795, Low = 120740, Close = 120795, TicksCount = 1581, Volume = 6001 }";Application.Range.Brick;"10/06/2024 10:30:36";Up;120745;120795;120740;120795;1581;6001
"Brick { Date = 10/06/2024 10:29:58, Type = Down, Open = 120795, High = 120825, Low = 120745, Close = 120745, TicksCount = 11930, Volume = 46686 }";Application.Range.Brick;"10/06/2024 10:29:58";Down;120795;120825;120745;120745;11930;46686
"Brick { Date = 10/06/2024 10:29:16, Type = Up, Open = 120745, High = 120795, Low = 120735, Close = 120795, TicksCount = 7438, Volume = 26737 }";Application.Range.Brick;"10/06/2024 10:29:16";Up;120745;120795;120735;120795;7438;26737
"Brick { Date = 10/06/2024 10:29:02, Type = Down, Open = 120795, High = 120800, Low = 120745, Close = 120745, TicksCount = 5110, Volume = 18455 }";Application.Range.Brick;"10/06/2024 10:29:02";Down;120795;120800;120745;120745;5110;18455
"Brick { Date = 10/06/2024 10:28:50, Type = Down, Open = 120845, High = 120850, Low = 120795, Close = 120795, TicksCount = 2299, Volume = 7946 }";Application.Range.Brick;"10/06/2024 10:28:50";Down;120845;120850;120795;120795;2299;7946
"Brick { Date = 10/06/2024 10:28:40, Type = Up, Open = 120795, High = 120845, Low = 120790, Close = 120845, TicksCount = 2608, Volume = 9231 }";Application.Range.Brick;"10/06/2024 10:28:40";Up;120795;120845;120790;120845;2608;9231
"Brick { Date = 10/06/2024 10:28:31, Type = Down, Open = 120845, High = 120850, Low = 120795, Close = 120795, TicksCount = 3209, Volume = 11622 }";Application.Range.Brick;"10/06/2024 10:28:31";Down;120845;120850;120795;120795;3209;11622
"Brick { Date = 10/06/2024 10:28:21, Type = Down, Open = 120895, High = 120900, Low = 120845, Close = 120845, TicksCount = 5653, Volume = 21418 }";Application.Range.Brick;"10/06/2024 10:28:21";Down;120895;120900;120845;120845;5653;21418
"Brick { Date = 10/06/2024 10:28:16, Type = Up, Open = 120845, High = 120895, Low = 120830, Close = 120895, TicksCount = 7097, Volume = 24674 }";Application.Range.Brick;"10/06/2024 10:28:16";Up;120845;120895;120830;120895;7097;24674
"Brick { Date = 10/06/2024 10:27:37, Type = Up, Open = 120795, High = 120845, Low = 120765, Close = 120845, TicksCount = 9284, Volume = 31050 }";Application.Range.Brick;"10/06/2024 10:27:37";Up;120795;120845;120765;120845;9284;31050
"Brick { Date = 10/06/2024 10:27:31, Type = Up, Open = 120745, High = 120795, Low = 120740, Close = 120795, TicksCount = 4528, Volume = 16514 }";Application.Range.Brick;"10/06/2024 10:27:31";Up;120745;120795;120740;120795;4528;16514
"Brick { Date = 10/06/2024 10:26:21, Type = Up, Open = 120695, High = 120745, Low = 120665, Close = 120745, TicksCount = 20393, Volume = 70479 }";Application.Range.Brick;"10/06/2024 10:26:21";Up;120695;120745;120665;120745;20393;70479
"Brick { Date = 10/06/2024 10:26:00, Type = Down, Open = 120745, High = 120770, Low = 120695, Close = 120695, TicksCount = 8371, Volume = 31411 }";Application.Range.Brick;"10/06/2024 10:26:00";Down;120745;120770;120695;120695;8371;31411
"Brick { Date = 10/06/2024 10:23:29, Type = Down, Open = 120795, High = 120825, Low = 120745, Close = 120745, TicksCount = 20934, Volume = 77504 }";Application.Range.Brick;"10/06/2024 10:23:29";Down;120795;120825;120745;120745;20934;77504
"Brick { Date = 10/06/2024 10:23:15, Type = Down, Open = 120845, High = 120865, Low = 120795, Close = 120795, TicksCount = 7690, Volume = 27044 }";Application.Range.Brick;"10/06/2024 10:23:15";Down;120845;120865;120795;120795;7690;27044
"Brick { Date = 10/06/2024 10:21:53, Type = Up, Open = 120795, High = 120845, Low = 120775, Close = 120845, TicksCount = 23122, Volume = 82391 }";Application.Range.Brick;"10/06/2024 10:21:53";Up;120795;120845;120775;120845;23122;82391
"Brick { Date = 10/06/2024 10:21:41, Type = Up, Open = 120745, High = 120795, Low = 120745, Close = 120795, TicksCount = 5232, Volume = 18206 }";Application.Range.Brick;"10/06/2024 10:21:41";Up;120745;120795;120745;120795;5232;18206
"Brick { Date = 10/06/2024 10:21:22, Type = Up, Open = 120695, High = 120745, Low = 120685, Close = 120745, TicksCount = 3937, Volume = 13082 }";Application.Range.Brick;"10/06/2024 10:21:22";Up;120695;120745;120685;120745;3937;13082
"Brick { Date = 10/06/2024 10:31:13, Type = Down, Open = 120745, High = 120765, Low = 120695, Close = 120695, TicksCount = 16654, Volume = 58797 }";Application.Range.Brick;"10/06/2024 10:31:13";Down;120745;120765;120695;120695;16654;58797
"Brick { Date = 10/06/2024 10:32:07, Type = Up, Open = 120695, High = 120745, Low = 120690, Close = 120745, TicksCount = 1914, Volume = 6446 }";Application.Range.Brick;"10/06/2024 10:32:07";Up;120695;120745;120690;120745;1914;6446
"Brick { Date = 10/06/2024 10:32:11, Type = Down, Open = 120745, High = 120745, Low = 120695, Close = 120695, TicksCount = 945, Volume = 3043 }";Application.Range.Brick;"10/06/2024 10:32:11";Down;120745;120745;120695;120695;945;3043
"Brick { Date = 10/06/2024 10:32:15, Type = Up, Open = 120695, High = 120745, Low = 120690, Close = 120745, TicksCount = 2630, Volume = 8339 }";Application.Range.Brick;"10/06/2024 10:32:15";Up;120695;120745;120690;120745;2630;8339
"Brick { Date = 10/06/2024 10:41:53, Type = Down, Open = 120995, High = 121015, Low = 120945, Close = 120945, TicksCount = 3726, Volume = 13575 }";Application.Range.Brick;"10/06/2024 10:41:53";Down;120995;121015;120945;120945;3726;13575
"Brick { Date = 10/06/2024 10:41:08, Type = Down, Open = 121045, High = 121090, Low = 120995, Close = 120995, TicksCount = 11735, Volume = 39268 }";Application.Range.Brick;"10/06/2024 10:41:08";Down;121045;121090;120995;120995;11735;39268
"Brick { Date = 10/06/2024 10:40:44, Type = Up, Open = 120995, High = 121045, Low = 120965, Close = 121045, TicksCount = 10372, Volume = 37620 }";Application.Range.Brick;"10/06/2024 10:40:44";Up;120995;121045;120965;121045;10372;37620
"Brick { Date = 10/06/2024 10:40:36, Type = Down, Open = 121045, High = 121060, Low = 120995, Close = 120995, TicksCount = 3654, Volume = 13591 }";Application.Range.Brick;"10/06/2024 10:40:36";Down;121045;121060;120995;120995;3654;13591
"Brick { Date = 10/06/2024 10:40:20, Type = Down, Open = 121095, High = 121110, Low = 121045, Close = 121045, TicksCount = 5214, Volume = 18421 }";Application.Range.Brick;"10/06/2024 10:40:20";Down;121095;121110;121045;121045;5214;18421
"Brick { Date = 10/06/2024 10:39:45, Type = Up, Open = 121045, High = 121095, Low = 121005, Close = 121095, TicksCount = 8948, Volume = 32871 }";Application.Range.Brick;"10/06/2024 10:39:45";Up;121045;121095;121005;121095;8948;32871
"Brick { Date = 10/06/2024 10:39:28, Type = Up, Open = 120995, High = 121045, Low = 120985, Close = 121045, TicksCount = 4469, Volume = 16045 }";Application.Range.Brick;"10/06/2024 10:39:28";Up;120995;121045;120985;121045;4469;16045
"Brick { Date = 10/06/2024 10:38:14, Type = Down, Open = 121045, High = 121080, Low = 120995, Close = 120995, TicksCount = 22156, Volume = 82584 }";Application.Range.Brick;"10/06/2024 10:38:14";Down;121045;121080;120995;120995;22156;82584
"Brick { Date = 10/06/2024 10:38:10, Type = Down, Open = 121095, High = 121105, Low = 121045, Close = 121045, TicksCount = 3497, Volume = 12131 }";Application.Range.Brick;"10/06/2024 10:38:10";Down;121095;121105;121045;121045;3497;12131
"Brick { Date = 10/06/2024 10:37:55, Type = Down, Open = 121145, High = 121170, Low = 121095, Close = 121095, TicksCount = 8672, Volume = 35983 }";Application.Range.Brick;"10/06/2024 10:37:55";Down;121145;121170;121095;121095;8672;35983
"Brick { Date = 10/06/2024 10:42:34, Type = Up, Open = 120995, High = 121045, Low = 120955, Close = 121045, TicksCount = 12922, Volume = 43914 }";Application.Range.Brick;"10/06/2024 10:42:34";Up;120995;121045;120955;121045;12922;43914
"Brick { Date = 10/06/2024 10:37:16, Type = Down, Open = 121195, High = 121210, Low = 121145, Close = 121145, TicksCount = 14274, Volume = 60471 }";Application.Range.Brick;"10/06/2024 10:37:16";Down;121195;121210;121145;121145;14274;60471
"Brick { Date = 10/06/2024 10:36:58, Type = Up, Open = 121095, High = 121145, Low = 121095, Close = 121145, TicksCount = 5582, Volume = 21086 }";Application.Range.Brick;"10/06/2024 10:36:58";Up;121095;121145;121095;121145;5582;21086
"Brick { Date = 10/06/2024 10:36:18, Type = Up, Open = 121045, High = 121095, Low = 121015, Close = 121095, TicksCount = 20105, Volume = 71350 }";Application.Range.Brick;"10/06/2024 10:36:18";Up;121045;121095;121015;121095;20105;71350
"Brick { Date = 10/06/2024 10:35:29, Type = Up, Open = 120995, High = 121045, Low = 120950, Close = 121045, TicksCount = 16246, Volume = 58574 }";Application.Range.Brick;"10/06/2024 10:35:29";Up;120995;121045;120950;121045;16246;58574
"Brick { Date = 10/06/2024 10:34:19, Type = Up, Open = 120945, High = 120995, Low = 120900, Close = 120995, TicksCount = 24898, Volume = 99248 }";Application.Range.Brick;"10/06/2024 10:34:19";Up;120945;120995;120900;120995;24898;99248
"Brick { Date = 10/06/2024 10:34:04, Type = Down, Open = 120995, High = 121020, Low = 120945, Close = 120945, TicksCount = 10828, Volume = 38867 }";Application.Range.Brick;"10/06/2024 10:34:04";Down;120995;121020;120945;120945;10828;38867
"Brick { Date = 10/06/2024 10:33:57, Type = Up, Open = 120945, High = 120995, Low = 120935, Close = 120995, TicksCount = 8969, Volume = 28748 }";Application.Range.Brick;"10/06/2024 10:33:57";Up;120945;120995;120935;120995;8969;28748
"Brick { Date = 10/06/2024 10:33:54, Type = Up, Open = 120895, High = 120945, Low = 120890, Close = 120945, TicksCount = 7575, Volume = 25500 }";Application.Range.Brick;"10/06/2024 10:33:54";Up;120895;120945;120890;120945;7575;25500
"Brick { Date = 10/06/2024 10:33:30, Type = Up, Open = 120845, High = 120895, Low = 120825, Close = 120895, TicksCount = 10850, Volume = 39630 }";Application.Range.Brick;"10/06/2024 10:33:30";Up;120845;120895;120825;120895;10850;39630
"Brick { Date = 10/06/2024 10:33:11, Type = Up, Open = 120795, High = 120845, Low = 120770, Close = 120845, TicksCount = 6754, Volume = 24962 }";Application.Range.Brick;"10/06/2024 10:33:11";Up;120795;120845;120770;120845;6754;24962
"Brick { Date = 10/06/2024 10:32:26, Type = Up, Open = 120745, High = 120795, Low = 120700, Close = 120795, TicksCount = 12282, Volume = 42780 }";Application.Range.Brick;"10/06/2024 10:32:26";Up;120745;120795;120700;120795;12282;42780
"Brick { Date = 10/06/2024 10:37:01, Type = Up, Open = 121145, High = 121195, Low = 121130, Close = 121195, TicksCount = 12084, Volume = 43477 }";Application.Range.Brick;"10/06/2024 10:37:01";Up;121145;121195;121130;121195;12084;43477
"Brick { Date = 10/06/2024 17:49:22, Type = Last, Open = 120945, High = 120980, Low = 120930, Close = 120940, TicksCount = 3538, Volume = 14391 }";Application.Range.Brick;"10/06/2024 17:49:22";Last;120945;120980;120930;120940;3538;14391
